"Name","URI","Region GSS code","Period","Sales volume","Reporting period","Average price All property types","Percentage change (yearly) All property types","Percentage change (monthly) All property types","House price index All property types","Sales volume All property types","Average price Detached houses","Percentage change (yearly) Detached houses","Percentage change (monthly) Detached houses","House price index Detached houses","Average price Semi-detached houses","Percentage change (yearly) Semi-detached houses","Percentage change (monthly) Semi-detached houses","House price index Semi-detached houses","Average price Terraced houses","Percentage change (yearly) Terraced houses","Percentage change (monthly) Terraced houses","House price index Terraced houses","Average price Flats and maisonettes","Percentage change (yearly) Flats and maisonettes","Percentage change (monthly) Flats and maisonettes","House price index Flats and maisonettes","Average price First-time buyers","Percentage change (yearly) First-time buyers","Percentage change (monthly) First-time buyers","House price index First-time buyers","Average price Former owner-occupiers","Percentage change (yearly) Former owner-occupiers","Percentage change (monthly) Former owner-occupiers","House price index Former owner-occupiers","Average price Cash purchases","Percentage change (yearly) Cash purchases","Percentage change (monthly) Cash purchases","House price index Cash purchases","Sales volume Cash purchases","Average price Mortgage purchases","Percentage change (yearly) Mortgage purchases","Percentage change (monthly) Mortgage purchases","House price index Mortgage purchases","Sales volume Mortgage purchases","Average price New build","Percentage change (yearly) New build","Percentage change (monthly) New build","House price index New build","Sales volume New build","Average price Existing properties","Percentage change (yearly) Existing properties","Percentage change (monthly) Existing properties","House price index Existing properties","Sales volume Existing properties","Pivotable date"
Kent,http://landregistry.data.gov.uk/id/region/kent,E10000016,1995-01,1265,monthly,57654,,,25.19,1265,98979,,,25.85,60162,,,24.94,46734,,,24.15,39866,,,27.2,,,,,,,,,,,,,,,,,,,66703,,,25.2,90,57059,,,25.16,1175,1995-01-01
Kent,http://landregistry.data.gov.uk/id/region/kent,E10000016,1995-02,1297,monthly,56917,,-1.28,24.87,1297,96922,,-2.08,25.31,59721,,-0.73,24.75,46177,,-1.19,23.86,39338,,-1.32,26.84,,,,,,,,,,,,,,,,,,,66181,,-0.78,25.0,88,56302,,-1.33,24.83,1209,1995-02-01
Kent,http://landregistry.data.gov.uk/id/region/kent,E10000016,1995-03,1864,monthly,56992,,0.13,24.91,1864,96657,,-0.27,25.24,59833,,0.19,24.8,46316,,0.3,23.93,39504,,0.42,26.95,,,,,,,,,,,,,,,,,,,66297,,0.18,25.05,166,56374,,0.13,24.86,1698,1995-03-01
Kent,http://landregistry.data.gov.uk/id/region/kent,E10000016,1995-04,1588,monthly,57000,,0.01,24.91,1588,96281,,-0.39,25.14,59930,,0.16,24.84,46369,,0.11,23.96,39582,,0.2,27.01,,,,,,,,,,,,,,,,,,,66159,,-0.21,25.0,142,56394,,0.04,24.87,1446,1995-04-01
Kent,http://landregistry.data.gov.uk/id/region/kent,E10000016,1995-05,1837,monthly,57292,,0.51,25.04,1837,96694,,0.43,25.25,60229,,0.5,24.96,46624,,0.55,24.09,39837,,0.64,27.18,,,,,,,,,,,,,,,,,,,66201,,0.06,25.01,150,56708,,0.56,25.01,1687,1995-05-01
Kent,http://landregistry.data.gov.uk/id/region/kent,E10000016,1995-06,1971,monthly,57850,,0.97,25.28,1971,97646,,0.98,25.5,60828,,1.0,25.21,47042,,0.9,24.31,40279,,1.11,27.48,,,,,,,,,,,,,,,,,,,66693,,0.74,25.2,206,57273,,1.0,25.26,1765,1995-06-01
Kent,http://landregistry.data.gov.uk/id/region/kent,E10000016,1995-07,1868,monthly,57979,,0.22,25.34,1868,98186,,0.55,25.64,60937,,0.18,25.26,47084,,0.09,24.33,40270,,-0.02,27.48,,,,,,,,,,,,,,,,,,,66977,,0.42,25.31,146,57389,,0.2,25.31,1722,1995-07-01
Kent,http://landregistry.data.gov.uk/id/region/kent,E10000016,1995-08,2021,monthly,58457,,0.82,25.55,2021,99608,,1.45,26.01,61352,,0.68,25.43,47406,,0.68,24.5,40366,,0.24,27.54,,,,,,,,,,,,,,,,,,,67552,,0.86,25.52,151,57861,,0.82,25.52,1870,1995-08-01
Kent,http://landregistry.data.gov.uk/id/region/kent,E10000016,1995-09,1910,monthly,58288,,-0.29,25.47,1910,99848,,0.24,26.07,61172,,-0.29,25.36,47158,,-0.52,24.37,40024,,-0.85,27.31,,,,,,,,,,,,,,,,,,,67021,,-0.79,25.32,197,57722,,-0.24,25.45,1713,1995-09-01
Kent,http://landregistry.data.gov.uk/id/region/kent,E10000016,1995-10,1695,monthly,57689,,-1.03,25.21,1695,98971,,-0.88,25.85,60686,,-0.8,25.15,46489,,-1.42,24.02,39648,,-0.94,27.05,,,,,,,,,,,,,,,,,,,66616,,-0.6,25.17,157,57105,,-1.07,25.18,1538,1995-10-01
Kent,http://landregistry.data.gov.uk/id/region/kent,E10000016,1995-11,1759,monthly,57284,,-0.7,25.03,1759,98317,,-0.66,25.67,60315,,-0.61,25.0,46005,,-1.04,23.77,39613,,-0.09,27.03,,,,,,,,,,,,,,,,,,,66402,,-0.32,25.09,138,56683,,-0.74,25.0,1621,1995-11-01
Kent,http://landregistry.data.gov.uk/id/region/kent,E10000016,1995-12,1703,monthly,57236,,-0.08,25.01,1703,97817,,-0.51,25.54,60339,,0.04,25.01,46046,,0.09,23.8,39626,,0.03,27.04,,,,,,,,,,,,,,,,,,,66935,,0.8,25.29,210,56585,,-0.17,24.95,1493,1995-12-01
Kent,http://landregistry.data.gov.uk/id/region/kent,E10000016,1996-01,1305,monthly,57485,-0.29,0.43,25.12,1305,98213,-0.77,0.41,25.65,60627,0.77,0.48,25.13,46355,-0.81,0.67,23.96,39503,-0.91,-0.31,26.95,,,,,,,,,,,,,,,,,,,67836,1.7,1.35,25.63,111,56781,-0.49,0.35,25.04,1194,1996-01-01
Kent,http://landregistry.data.gov.uk/id/region/kent,E10000016,1996-02,1386,monthly,57485,1.0,0.0,25.12,1386,97905,1.01,-0.31,25.57,60706,1.65,0.13,25.16,46468,0.63,0.24,24.01,39397,0.15,-0.27,26.88,,,,,,,,,,,,,,,,,,,68779,3.93,1.39,25.99,111,56704,0.71,-0.14,25.01,1275,1996-02-01
Kent,http://landregistry.data.gov.uk/id/region/kent,E10000016,1996-03,1713,monthly,57063,0.12,-0.73,24.94,1713,97726,1.11,-0.18,25.52,60287,0.76,-0.69,24.99,45988,-0.71,-1.03,23.77,38905,-1.52,-1.25,26.54,,,,,,,,,,,,,,,,,,,69295,4.52,0.75,26.18,167,56204,-0.3,-0.88,24.78,1546,1996-03-01
Kent,http://landregistry.data.gov.uk/id/region/kent,E10000016,1996-04,1695,monthly,57640,1.12,1.01,25.19,1695,98450,2.25,0.74,25.71,60765,1.39,0.79,25.19,46562,0.42,1.25,24.06,39549,-0.08,1.66,26.98,,,,,,,,,,,,,,,,,,,69943,5.72,0.93,26.43,166,56777,0.68,1.02,25.04,1529,1996-04-01
Kent,http://landregistry.data.gov.uk/id/region/kent,E10000016,1996-05,2055,monthly,57710,0.73,0.12,25.22,2055,98395,1.76,-0.06,25.69,60748,0.86,-0.03,25.18,46750,0.27,0.4,24.16,39614,-0.56,0.16,27.03,,,,,,,,,,,,,,,,,,,69203,4.54,-1.06,26.15,182,56915,0.36,0.24,25.1,1873,1996-05-01
Kent,http://landregistry.data.gov.uk/id/region/kent,E10000016,1996-06,1949,monthly,58088,0.41,0.65,25.38,1949,98735,1.12,0.35,25.78,61066,0.39,0.52,25.31,47114,0.15,0.78,24.35,40205,-0.18,1.49,27.43,,,,,,,,,,,,,,,,,,,69071,3.57,-0.19,26.1,227,57336,0.11,0.74,25.28,1722,1996-06-01
Kent,http://landregistry.data.gov.uk/id/region/kent,E10000016,1996-07,2299,monthly,58568,1.02,0.83,25.59,2299,99961,1.81,1.24,26.1,61645,1.16,0.95,25.55,47379,0.63,0.56,24.48,40292,0.06,0.22,27.49,,,,,,,,,,,,,,,,,,,69473,3.73,0.58,26.25,162,57825,0.76,0.85,25.5,2137,1996-07-01
Kent,http://landregistry.data.gov.uk/id/region/kent,E10000016,1996-08,2426,monthly,59492,1.77,1.58,26.0,2426,102355,2.76,2.4,26.73,62573,1.99,1.51,25.94,47957,1.16,1.22,24.78,40597,0.57,0.76,27.7,,,,,,,,,,,,,,,,,,,70818,4.83,1.94,26.76,217,58716,1.48,1.54,25.89,2209,1996-08-01
Kent,http://landregistry.data.gov.uk/id/region/kent,E10000016,1996-09,2003,monthly,60019,2.97,0.89,26.23,2003,103863,4.02,1.47,27.12,63035,3.04,0.74,26.13,48392,2.62,0.91,25.01,40458,1.08,-0.34,27.6,,,,,,,,,,,,,,,,,,,71479,6.65,0.93,27.01,192,59233,2.62,0.88,26.12,1811,1996-09-01
Kent,http://landregistry.data.gov.uk/id/region/kent,E10000016,1996-10,2318,monthly,59855,3.75,-0.27,26.16,2318,103768,4.85,-0.09,27.1,62885,3.62,-0.24,26.07,48220,3.72,-0.36,24.92,40211,1.42,-0.61,27.44,,,,,,,,,,,,,,,,,,,71157,6.82,-0.45,26.88,203,59081,3.46,-0.26,26.05,2115,1996-10-01
Kent,http://landregistry.data.gov.uk/id/region/kent,E10000016,1996-11,2476,monthly,59764,4.33,-0.15,26.12,2476,103335,5.1,-0.42,26.98,62839,4.18,-0.07,26.05,48180,4.73,-0.08,24.9,40255,1.62,0.11,27.47,,,,,,,,,,,,,,,,,,,71075,7.04,-0.12,26.85,199,58990,4.07,-0.15,26.01,2277,1996-11-01
Kent,http://landregistry.data.gov.uk/id/region/kent,E10000016,1996-12,2301,monthly,60316,5.38,0.92,26.36,2301,104000,6.32,0.64,27.16,63633,5.46,1.26,26.38,48593,5.53,0.86,25.11,40601,2.46,0.86,27.7,,,,,,,,,,,,,,,,,,,71551,6.9,0.67,27.03,262,59550,5.24,0.95,26.26,2039,1996-12-01
Kent,http://landregistry.data.gov.uk/id/region/kent,E10000016,1997-01,1743,monthly,60549,5.33,0.39,26.46,1743,104306,6.2,0.29,27.24,63851,5.32,0.34,26.47,48877,5.44,0.59,25.26,40649,2.9,0.12,27.73,,,,,,,,,,,,,,,,,,,71430,5.3,-0.17,26.99,146,59813,5.34,0.44,26.38,1597,1997-01-01
Kent,http://landregistry.data.gov.uk/id/region/kent,E10000016,1997-02,1783,monthly,60743,5.67,0.32,26.54,1783,104906,7.15,0.57,27.39,64026,5.47,0.27,26.54,48965,5.38,0.18,25.3,40716,3.35,0.16,27.78,,,,,,,,,,,,,,,,,,,71698,4.24,0.37,27.09,163,60002,5.82,0.32,26.46,1620,1997-02-01
Kent,http://landregistry.data.gov.uk/id/region/kent,E10000016,1997-03,2013,monthly,61182,7.22,0.72,26.74,2013,105730,8.19,0.79,27.61,64362,6.76,0.53,26.68,49367,7.35,0.82,25.51,41040,5.49,0.79,28.0,,,,,,,,,,,,,,,,,,,72329,4.38,0.88,27.33,215,60427,7.51,0.71,26.65,1798,1997-03-01
Kent,http://landregistry.data.gov.uk/id/region/kent,E10000016,1997-04,2179,monthly,62148,7.82,1.58,27.16,2179,107162,8.85,1.35,27.98,65464,7.73,1.71,27.13,50149,7.7,1.58,25.92,41749,5.56,1.73,28.48,,,,,,,,,,,,,,,,,,,73687,5.35,1.88,27.84,190,61363,8.08,1.55,27.06,1989,1997-04-01
Kent,http://landregistry.data.gov.uk/id/region/kent,E10000016,1997-05,2536,monthly,63302,9.69,1.86,27.66,2536,108999,10.78,1.71,28.46,66843,10.03,2.11,27.71,51151,9.41,2.0,26.43,42210,6.55,1.1,28.8,,,,,,,,,,,,,,,,,,,74834,8.14,1.56,28.27,243,62522,9.85,1.89,27.57,2293,1997-05-01
Kent,http://landregistry.data.gov.uk/id/region/kent,E10000016,1997-06,2601,monthly,63961,10.11,1.04,27.95,2601,110516,11.93,1.39,28.86,67595,10.69,1.13,28.02,51592,9.5,0.86,26.66,42420,5.51,0.5,28.94,,,,,,,,,,,,,,,,,,,75246,8.94,0.55,28.43,288,63203,10.23,1.09,27.87,2313,1997-06-01
Kent,http://landregistry.data.gov.uk/id/region/kent,E10000016,1997-07,3018,monthly,64615,10.32,1.02,28.24,3018,112089,12.13,1.42,29.27,68240,10.7,0.95,28.28,52110,9.99,1.0,26.93,42546,5.6,0.3,29.03,,,,,,,,,,,,,,,,,,,75720,8.99,0.63,28.61,235,63873,10.46,1.06,28.17,2783,1997-07-01
Kent,http://landregistry.data.gov.uk/id/region/kent,E10000016,1997-08,2794,monthly,65490,10.08,1.35,28.62,2794,113965,11.34,1.67,29.76,69093,10.42,1.25,28.64,52708,9.91,1.15,27.24,43182,6.37,1.49,29.46,,,,,,,,,,,,,,,,,,,76359,7.82,0.84,28.85,251,64771,10.31,1.41,28.56,2543,1997-08-01
Kent,http://landregistry.data.gov.uk/id/region/kent,E10000016,1997-09,2653,monthly,66762,11.24,1.94,29.18,2653,116310,11.98,2.06,30.37,70401,11.69,1.89,29.18,53755,11.08,1.99,27.78,43909,8.53,1.68,29.96,,,,,,,,,,,,,,,,,,,77825,8.88,1.92,29.4,212,66031,11.48,1.95,29.12,2441,1997-09-01
Kent,http://landregistry.data.gov.uk/id/region/kent,E10000016,1997-10,2617,monthly,67577,12.9,1.22,29.53,2617,117876,13.6,1.35,30.78,71359,13.48,1.36,29.58,54260,12.53,0.94,28.04,44501,10.67,1.35,30.36,,,,,,,,,,,,,,,,,,,78819,10.77,1.28,29.78,241,66832,13.12,1.21,29.47,2376,1997-10-01
Kent,http://landregistry.data.gov.uk/id/region/kent,E10000016,1997-11,2353,monthly,68270,14.23,1.03,29.83,2353,119228,15.38,1.15,31.13,72102,14.74,1.04,29.89,54765,13.67,0.93,28.3,44932,11.62,0.97,30.66,,,,,,,,,,,,,,,,,,,79777,12.24,1.22,30.14,210,67505,14.44,1.01,29.77,2143,1997-11-01
Kent,http://landregistry.data.gov.uk/id/region/kent,E10000016,1997-12,2417,monthly,68252,13.16,-0.03,29.83,2417,119134,14.55,-0.08,31.11,72202,13.47,0.14,29.93,54617,12.4,-0.27,28.22,45098,11.08,0.37,30.77,,,,,,,,,,,,,,,,,,,79981,11.78,0.26,30.22,276,67469,13.3,-0.05,29.75,2141,1997-12-01
Kent,http://landregistry.data.gov.uk/id/region/kent,E10000016,1998-01,1701,monthly,68349,12.88,0.14,29.87,1701,119396,14.47,0.22,31.18,72137,12.98,-0.09,29.9,54753,12.02,0.25,28.29,45223,11.25,0.28,30.86,,,,,,,,,,,,,,,,,,,80471,12.66,0.61,30.4,130,67533,12.91,0.09,29.78,1571,1998-01-01
Kent,http://landregistry.data.gov.uk/id/region/kent,E10000016,1998-02,1663,monthly,67739,11.52,-0.89,29.6,1663,118023,12.5,-1.15,30.82,71498,11.67,-0.89,29.63,54263,10.82,-0.9,28.04,45069,10.69,-0.34,30.75,,,,,,,,,,,,,,,,,,,80508,12.29,0.05,30.42,195,66863,11.44,-0.99,29.49,1468,1998-02-01
Kent,http://landregistry.data.gov.uk/id/region/kent,E10000016,1998-03,1994,monthly,68456,11.89,1.06,29.92,1994,119144,12.69,0.95,31.11,72236,12.23,1.03,29.94,54921,11.25,1.21,28.38,45473,10.8,0.9,31.03,,,,,,,,,,,,,,,,,,,81332,12.45,1.02,30.73,196,67573,11.83,1.06,29.8,1798,1998-03-01
Kent,http://landregistry.data.gov.uk/id/region/kent,E10000016,1998-04,2158,monthly,69296,11.5,1.23,30.28,2158,120504,12.45,1.14,31.47,73288,11.95,1.46,30.38,55509,10.69,1.07,28.69,46039,10.28,1.25,31.41,,,,,,,,,,,,,,,,,,,81956,11.22,0.77,30.96,210,68438,11.53,1.28,30.18,1948,1998-04-01
Kent,http://landregistry.data.gov.uk/id/region/kent,E10000016,1998-05,2289,monthly,71222,12.51,2.78,31.12,2289,123835,13.61,2.76,32.34,75317,12.68,2.77,31.22,57216,11.86,3.07,29.57,46970,11.28,2.02,32.05,,,,,,,,,,,,,,,,,,,83384,11.43,1.74,31.5,229,70421,12.64,2.9,31.05,2060,1998-05-01
Kent,http://landregistry.data.gov.uk/id/region/kent,E10000016,1998-06,2485,monthly,72105,12.73,1.24,31.51,2485,125518,13.58,1.36,32.78,76158,12.67,1.12,31.57,57883,12.19,1.17,29.91,47681,12.4,1.51,32.53,,,,,,,,,,,,,,,,,,,84351,12.1,1.16,31.87,290,71301,12.81,1.25,31.44,2195,1998-06-01
Kent,http://landregistry.data.gov.uk/id/region/kent,E10000016,1998-07,2834,monthly,72552,12.28,0.62,31.71,2834,126627,12.97,0.88,33.07,76547,12.17,0.51,31.73,58246,11.78,0.63,30.1,47840,12.44,0.33,32.64,,,,,,,,,,,,,,,,,,,85090,12.37,0.88,32.15,243,71722,12.29,0.59,31.63,2591,1998-07-01
Kent,http://landregistry.data.gov.uk/id/region/kent,E10000016,1998-08,2457,monthly,72653,10.94,0.14,31.75,2457,127486,11.86,0.68,33.29,76572,10.82,0.03,31.74,58150,10.33,-0.16,30.05,47891,10.91,0.11,32.68,,,,,,,,,,,,,,,,,,,85316,11.73,0.27,32.23,222,71812,10.87,0.12,31.67,2235,1998-08-01
Kent,http://landregistry.data.gov.uk/id/region/kent,E10000016,1998-09,2369,monthly,72854,9.12,0.28,31.84,2369,128195,10.22,0.56,33.48,76740,9.0,0.22,31.81,58325,8.5,0.3,30.14,47776,8.81,-0.24,32.6,,,,,,,,,,,,,,,,,,,84891,9.08,-0.5,32.07,223,72074,9.15,0.37,31.78,2146,1998-09-01
Kent,http://landregistry.data.gov.uk/id/region/kent,E10000016,1998-10,2192,monthly,73291,8.46,0.6,32.03,2192,128787,9.26,0.46,33.63,77236,8.24,0.65,32.01,58681,8.15,0.61,30.32,48134,8.17,0.75,32.84,,,,,,,,,,,,,,,,,,,85310,8.24,0.49,32.23,249,72515,8.5,0.61,31.98,1943,1998-10-01
Kent,http://landregistry.data.gov.uk/id/region/kent,E10000016,1998-11,2069,monthly,73390,7.5,0.13,32.07,2069,128961,8.16,0.14,33.68,77473,7.45,0.31,32.11,58620,7.04,-0.1,30.29,48303,7.5,0.35,32.96,,,,,,,,,,,,,,,,,,,85743,7.48,0.51,32.4,210,72582,7.52,0.09,32.01,1859,1998-11-01
Kent,http://landregistry.data.gov.uk/id/region/kent,E10000016,1998-12,1976,monthly,72689,6.5,-0.96,31.77,1976,127549,7.06,-1.09,33.31,76888,6.49,-0.75,31.87,57932,6.07,-1.17,29.94,48028,6.5,-0.57,32.77,,,,,,,,,,,,,,,,,,,86098,7.65,0.41,32.53,263,71777,6.38,-1.11,31.65,1713,1998-12-01
Kent,http://landregistry.data.gov.uk/id/region/kent,E10000016,1999-01,2063,monthly,72936,6.71,0.34,31.87,2063,128081,7.27,0.42,33.45,77164,6.97,0.36,31.98,58057,6.03,0.21,30.0,48253,6.7,0.47,32.92,,,,,,,,,,,,,,,,,,,87010,8.13,1.06,32.87,128,71962,6.56,0.26,31.73,1935,1999-01-01
Kent,http://landregistry.data.gov.uk/id/region/kent,E10000016,1999-02,1595,monthly,73092,7.9,0.21,31.94,1595,128104,8.54,0.02,33.45,77300,8.12,0.18,32.04,58202,7.26,0.25,30.08,48552,7.73,0.62,33.13,,,,,,,,,,,,,,,,,,,87651,8.87,0.74,33.12,172,72074,7.79,0.16,31.78,1423,1999-02-01
Kent,http://landregistry.data.gov.uk/id/region/kent,E10000016,1999-03,2195,monthly,73988,8.08,1.23,32.33,2195,129463,8.66,1.06,33.81,78205,8.26,1.17,32.41,58923,7.29,1.24,30.45,49356,8.54,1.66,33.67,,,,,,,,,,,,,,,,,,,88403,8.69,0.86,33.4,204,72986,8.01,1.26,32.19,1991,1999-03-01
Kent,http://landregistry.data.gov.uk/id/region/kent,E10000016,1999-04,2193,monthly,74514,7.53,0.71,32.56,2193,129831,7.74,0.28,33.9,78734,7.43,0.68,32.63,59537,7.26,1.04,30.77,49730,8.02,0.76,33.93,,,,,,,,,,,,,,,,,,,88384,7.84,-0.02,33.39,228,73562,7.49,0.79,32.44,1965,1999-04-01
Kent,http://landregistry.data.gov.uk/id/region/kent,E10000016,1999-05,2189,monthly,75415,5.89,1.21,32.96,2189,130978,5.77,0.88,34.2,79689,5.8,1.21,33.03,60498,5.74,1.61,31.26,50097,6.66,0.74,34.18,,,,,,,,,,,,,,,,,,,89181,6.95,0.9,33.69,211,74474,5.75,1.24,32.84,1978,1999-05-01
Kent,http://landregistry.data.gov.uk/id/region/kent,E10000016,1999-06,2598,monthly,76720,6.4,1.73,33.53,2598,133240,6.15,1.73,34.79,80997,6.35,1.64,33.57,61687,6.57,1.96,31.88,50755,6.45,1.31,34.63,,,,,,,,,,,,,,,,,,,90671,7.49,1.67,34.26,351,75768,6.26,1.74,33.41,2247,1999-06-01
Kent,http://landregistry.data.gov.uk/id/region/kent,E10000016,1999-07,2951,monthly,78023,7.54,1.7,34.1,2951,136247,7.6,2.26,35.58,82224,7.42,1.52,34.08,62647,7.55,1.56,32.37,51473,7.6,1.42,35.12,,,,,,,,,,,,,,,,,,,92480,8.68,1.99,34.94,264,77031,7.4,1.67,33.97,2687,1999-07-01
Kent,http://landregistry.data.gov.uk/id/region/kent,E10000016,1999-08,3040,monthly,79396,9.28,1.76,34.7,3040,139200,9.19,2.17,36.35,83474,9.01,1.52,34.6,63669,9.49,1.63,32.9,52444,9.51,1.89,35.78,,,,,,,,,,,,,,,,,,,93512,9.61,1.12,35.33,255,78439,9.23,1.83,34.59,2785,1999-08-01
Kent,http://landregistry.data.gov.uk/id/region/kent,E10000016,1999-09,2727,monthly,80932,11.09,1.93,35.37,2727,142599,11.24,2.44,37.24,84941,10.69,1.76,35.21,64736,10.99,1.68,33.45,53523,12.03,2.06,36.52,,,,,,,,,,,,,,,,,,,94814,11.69,1.39,35.82,254,80000,11.0,1.99,35.28,2473,1999-09-01
Kent,http://landregistry.data.gov.uk/id/region/kent,E10000016,1999-10,2790,monthly,81825,11.64,1.1,35.76,2790,144164,11.94,1.1,37.65,86051,11.41,1.31,35.67,65241,11.18,0.78,33.71,54327,12.87,1.5,37.07,,,,,,,,,,,,,,,,,,,95802,12.3,1.04,36.2,238,80888,11.55,1.11,35.67,2552,1999-10-01
Kent,http://landregistry.data.gov.uk/id/region/kent,E10000016,1999-11,2654,monthly,82990,13.08,1.42,36.27,2654,145954,13.18,1.24,38.11,87354,12.75,1.51,36.21,66123,12.8,1.35,34.17,55293,14.47,1.78,37.73,,,,,,,,,,,,,,,,,,,96993,13.12,1.24,36.65,273,82055,13.05,1.44,36.18,2381,1999-11-01
Kent,http://landregistry.data.gov.uk/id/region/kent,E10000016,1999-12,2657,monthly,84329,16.01,1.61,36.85,2657,147655,15.76,1.17,38.56,88833,15.54,1.69,36.82,67250,16.08,1.7,34.75,56441,17.52,2.08,38.51,,,,,,,,,,,,,,,,,,,99160,15.17,2.23,37.47,358,83326,16.09,1.55,36.75,2299,1999-12-01
Kent,http://landregistry.data.gov.uk/id/region/kent,E10000016,2000-01,1846,monthly,85640,17.42,1.55,37.43,1846,150155,17.24,1.69,39.21,90156,16.84,1.49,37.37,68306,17.65,1.57,35.3,57228,18.6,1.4,39.05,,,,,,,,,,,,,,,,,,,100476,15.48,1.33,37.96,170,84641,17.62,1.58,37.33,1676,2000-01-01
Kent,http://landregistry.data.gov.uk/id/region/kent,E10000016,2000-02,2020,monthly,86916,18.91,1.49,37.98,2020,152641,19.15,1.66,39.86,91513,18.39,1.51,37.93,69263,19.0,1.4,35.79,57989,19.44,1.33,39.56,,,,,,,,,,,,,,,,,,,102550,17.0,2.06,38.75,230,85846,19.11,1.42,37.86,1790,2000-02-01
Kent,http://landregistry.data.gov.uk/id/region/kent,E10000016,2000-03,2581,monthly,87900,18.8,1.13,38.41,2581,154528,19.36,1.24,40.35,92741,18.59,1.34,38.44,69939,18.7,0.98,36.14,58453,18.43,0.8,39.88,,,,,,,,,,,,,,,,,,,103425,16.99,0.85,39.08,315,86840,18.98,1.16,38.29,2266,2000-03-01
Kent,http://landregistry.data.gov.uk/id/region/kent,E10000016,2000-04,2432,monthly,90056,20.86,2.45,39.35,2432,157667,21.44,2.03,41.17,94983,20.64,2.42,39.37,71747,20.51,2.59,37.08,60187,21.03,2.97,41.06,,,,,,,,,,,,,,,,,,,106129,20.08,2.61,40.1,293,88952,20.92,2.43,39.23,2139,2000-04-01
Kent,http://landregistry.data.gov.uk/id/region/kent,E10000016,2000-05,2381,monthly,91755,21.67,1.89,40.1,2381,160644,22.65,1.89,41.95,96885,21.58,2.0,40.16,72960,20.6,1.69,37.7,61459,22.68,2.11,41.93,,,,,,,,,,,,,,,,,,,108165,21.29,1.92,40.87,283,90626,21.69,1.88,39.96,2098,2000-05-01
Kent,http://landregistry.data.gov.uk/id/region/kent,E10000016,2000-06,2714,monthly,93448,21.8,1.85,40.84,2714,163355,22.6,1.69,42.66,98679,21.83,1.85,40.9,74313,20.47,1.85,38.4,62751,23.64,2.1,42.81,,,,,,,,,,,,,,,,,,,109866,21.17,1.57,41.51,425,92331,21.86,1.88,40.72,2289,2000-06-01
Kent,http://landregistry.data.gov.uk/id/region/kent,E10000016,2000-07,2453,monthly,94469,21.08,1.09,41.28,2453,166443,22.16,1.89,43.46,99842,21.43,1.18,41.38,74860,19.5,0.74,38.69,62974,22.34,0.35,42.97,,,,,,,,,,,,,,,,,,,111052,20.08,1.08,41.96,206,93341,21.17,1.09,41.16,2247,2000-07-01
Kent,http://landregistry.data.gov.uk/id/region/kent,E10000016,2000-08,2448,monthly,95769,20.62,1.38,41.85,2448,169262,21.6,1.69,44.2,101238,21.28,1.4,41.96,75668,18.85,1.08,39.1,63905,21.85,1.48,43.6,,,,,,,,,,,,,,,,,,,112752,20.57,1.53,42.6,277,94607,20.61,1.36,41.72,2171,2000-08-01
Kent,http://landregistry.data.gov.uk/id/region/kent,E10000016,2000-09,2129,monthly,96741,19.53,1.01,42.28,2129,172144,20.72,1.7,44.95,102053,20.15,0.8,42.3,76161,17.65,0.65,39.36,64592,20.68,1.08,44.07,,,,,,,,,,,,,,,,,,,114037,20.27,1.14,43.09,280,95552,19.44,1.0,42.14,1849,2000-09-01
Kent,http://landregistry.data.gov.uk/id/region/kent,E10000016,2000-10,2240,monthly,97675,19.37,0.97,42.68,2240,173529,20.37,0.8,45.31,103155,19.88,1.08,42.76,76756,17.65,0.78,39.67,65532,20.62,1.45,44.71,,,,,,,,,,,,,,,,,,,115343,20.4,1.15,43.58,236,96453,19.24,0.94,42.53,2004,2000-10-01
Kent,http://landregistry.data.gov.uk/id/region/kent,E10000016,2000-11,2133,monthly,97779,17.82,0.11,42.73,2133,173860,19.12,0.19,45.4,103153,18.09,0.0,42.76,76784,16.12,0.04,39.68,65759,18.93,0.35,44.87,,,,,,,,,,,,,,,,,,,115370,18.95,0.02,43.59,236,96565,17.68,0.12,42.58,1897,2000-11-01
Kent,http://landregistry.data.gov.uk/id/region/kent,E10000016,2000-12,2217,monthly,97255,15.33,-0.54,42.5,2217,172040,16.51,-1.05,44.93,102752,15.67,-0.39,42.59,76372,13.56,-0.54,39.47,65826,16.63,0.1,44.91,,,,,,,,,,,,,,,,,,,115308,16.29,-0.05,43.57,374,95988,15.2,-0.6,42.33,1843,2000-12-01
Kent,http://landregistry.data.gov.uk/id/region/kent,E10000016,2001-01,1701,monthly,97210,13.51,-0.05,42.48,1701,171567,14.26,-0.28,44.8,102450,13.64,-0.29,42.46,76471,11.95,0.13,39.52,66125,15.55,0.45,45.12,,,,,,,,,,,,,,,,,,,116102,15.55,0.69,43.87,181,95855,13.25,-0.14,42.27,1520,2001-01-01
Kent,http://landregistry.data.gov.uk/id/region/kent,E10000016,2001-02,1743,monthly,97744,12.46,0.55,42.71,1743,172011,12.69,0.26,44.92,103092,12.65,0.63,42.73,77085,11.29,0.8,39.84,66314,14.36,0.29,45.24,,,,,,,,,,,,,,,,,,,118058,15.12,1.68,44.61,204,96248,12.12,0.41,42.44,1539,2001-02-01
Kent,http://landregistry.data.gov.uk/id/region/kent,E10000016,2001-03,2136,monthly,98969,12.59,1.25,43.25,2136,174319,12.81,1.34,45.52,104397,12.57,1.27,43.27,78106,11.68,1.32,40.36,66897,14.45,0.88,45.64,,,,,,,,,,,,,,,,,,,119680,15.72,1.37,45.22,239,97433,12.2,1.23,42.97,1897,2001-03-01
Kent,http://landregistry.data.gov.uk/id/region/kent,E10000016,2001-04,2250,monthly,100557,11.66,1.6,43.94,2250,177138,12.35,1.62,46.26,105900,11.49,1.44,43.89,79502,10.81,1.79,41.08,67899,12.81,1.5,46.33,,,,,,,,,,,,,,,,,,,121344,14.34,1.39,45.85,284,99022,11.32,1.63,43.67,1966,2001-04-01
Kent,http://landregistry.data.gov.uk/id/region/kent,E10000016,2001-05,2533,monthly,102334,11.53,1.77,44.72,2533,179870,11.97,1.54,46.97,107691,11.15,1.69,44.64,81016,11.04,1.9,41.87,69264,12.7,2.01,47.26,,,,,,,,,,,,,,,,,,,121879,12.68,0.44,46.05,255,100926,11.37,1.92,44.51,2278,2001-05-01
Kent,http://landregistry.data.gov.uk/id/region/kent,E10000016,2001-06,3008,monthly,104494,11.82,2.11,45.66,3008,183358,12.25,1.94,47.88,109810,11.28,1.97,45.52,82819,11.45,2.23,42.8,70962,13.08,2.45,48.42,,,,,,,,,,,,,,,,,,,124573,13.39,2.21,47.07,415,103044,11.6,2.1,45.44,2593,2001-06-01
Kent,http://landregistry.data.gov.uk/id/region/kent,E10000016,2001-07,3075,monthly,105925,12.13,1.37,46.29,3075,185714,11.58,1.28,48.5,111478,11.65,1.52,46.21,83933,12.12,1.34,43.37,71850,14.1,1.25,49.02,,,,,,,,,,,,,,,,,,,125518,13.03,0.76,47.42,273,104529,11.99,1.44,46.1,2802,2001-07-01
Kent,http://landregistry.data.gov.uk/id/region/kent,E10000016,2001-08,3479,monthly,107892,12.66,1.86,47.15,3479,189610,12.02,2.1,49.51,113279,11.89,1.62,46.95,85434,12.91,1.79,44.15,73375,14.82,2.12,50.06,,,,,,,,,,,,,,,,,,,128465,13.94,2.35,48.54,293,106410,12.48,1.8,46.92,3186,2001-08-01
Kent,http://landregistry.data.gov.uk/id/region/kent,E10000016,2001-09,2814,monthly,109053,12.73,1.08,47.66,2814,192807,12.0,1.69,50.35,114299,12.0,0.9,47.38,86192,13.17,0.89,44.54,73980,14.53,0.83,50.48,,,,,,,,,,,,,,,,,,,130621,14.54,1.68,49.35,303,107482,12.49,1.01,47.4,2511,2001-09-01
Kent,http://landregistry.data.gov.uk/id/region/kent,E10000016,2001-10,3082,monthly,110431,13.06,1.26,48.26,3082,195352,12.58,1.32,51.01,115695,12.16,1.22,47.95,87172,13.57,1.14,45.05,75136,14.66,1.56,51.26,,,,,,,,,,,,,,,,,,,133658,15.88,2.32,50.5,297,108706,12.7,1.14,47.94,2785,2001-10-01
Kent,http://landregistry.data.gov.uk/id/region/kent,E10000016,2001-11,3094,monthly,110920,13.44,0.44,48.47,3094,195961,12.71,0.31,51.17,116384,12.83,0.6,48.24,87414,13.84,0.28,45.17,75706,15.13,0.76,51.65,,,,,,,,,,,,,,,,,,,134465,16.55,0.6,50.8,282,109167,13.05,0.42,48.14,2812,2001-11-01
Kent,http://landregistry.data.gov.uk/id/region/kent,E10000016,2001-12,2918,monthly,112165,15.33,1.12,49.02,2918,196799,14.39,0.43,51.39,117808,14.65,1.22,48.83,88390,15.74,1.12,45.68,77368,17.53,2.2,52.79,,,,,,,,,,,,,,,,,,,136062,18.0,1.19,51.41,421,110384,15.0,1.11,48.68,2497,2001-12-01
Kent,http://landregistry.data.gov.uk/id/region/kent,E10000016,2002-01,2055,monthly,113389,16.64,1.09,49.55,2055,198972,15.97,1.1,51.96,119149,16.3,1.14,49.39,89162,16.6,0.87,46.08,78528,18.76,1.5,53.58,,,,,,,,,,,,,,,,,,,137383,18.33,0.97,51.91,158,111604,16.43,1.11,49.22,1897,2002-01-01
Kent,http://landregistry.data.gov.uk/id/region/kent,E10000016,2002-02,2279,monthly,114253,16.89,0.76,49.93,2279,200260,16.42,0.65,52.3,119897,16.3,0.63,49.7,90029,16.79,0.97,46.52,79115,19.3,0.75,53.98,,,,,,,,,,,,,,,,,,,139945,18.54,1.86,52.87,288,112312,16.69,0.63,49.53,1991,2002-02-01
Kent,http://landregistry.data.gov.uk/id/region/kent,E10000016,2002-03,2910,monthly,115360,16.56,0.97,50.41,2910,201727,15.72,0.73,52.68,121043,15.95,0.96,50.17,91167,16.72,1.26,47.11,79669,19.09,0.7,54.36,,,,,,,,,,,,,,,,,,,140851,17.69,0.65,53.22,334,113443,16.43,1.01,50.03,2576,2002-03-01
Kent,http://landregistry.data.gov.uk/id/region/kent,E10000016,2002-04,2887,monthly,116226,15.58,0.75,50.79,2887,202112,14.1,0.19,52.78,121827,15.04,0.65,50.5,92087,15.83,1.01,47.59,80751,18.93,1.36,55.09,,,,,,,,,,,,,,,,,,,141935,16.97,0.77,53.63,302,114292,15.42,0.75,50.4,2585,2002-04-01
Kent,http://landregistry.data.gov.uk/id/region/kent,E10000016,2002-05,3794,monthly,119299,16.58,2.64,52.13,3794,206329,14.71,2.09,53.88,125268,16.32,2.83,51.92,94601,16.77,2.73,48.89,83216,20.14,3.05,56.78,,,,,,,,,,,,,,,,,,,143863,18.04,1.36,54.35,384,117486,16.41,2.8,51.81,3410,2002-05-01
Kent,http://landregistry.data.gov.uk/id/region/kent,E10000016,2002-06,3061,monthly,121888,16.65,2.17,53.27,3061,210767,14.95,2.15,55.04,127847,16.43,2.06,52.99,96721,16.78,2.24,49.98,85109,19.94,2.27,58.07,,,,,,,,,,,,,,,,,,,147453,18.37,2.5,55.71,424,119991,16.45,2.13,52.91,2637,2002-06-01
Kent,http://landregistry.data.gov.uk/id/region/kent,E10000016,2002-07,3691,monthly,126049,19.0,3.41,55.08,3691,218773,17.8,3.8,57.13,132255,18.64,3.45,54.82,99998,19.14,3.39,51.68,87417,21.67,2.71,59.64,,,,,,,,,,,,,,,,,,,151691,20.85,2.87,57.31,337,124163,18.78,3.48,54.75,3354,2002-07-01
Kent,http://landregistry.data.gov.uk/id/region/kent,E10000016,2002-08,3734,monthly,129064,19.62,2.39,56.4,3734,224390,18.34,2.57,58.6,135245,19.39,2.26,56.06,102444,19.91,2.45,52.94,89365,21.79,2.23,60.97,,,,,,,,,,,,,,,,,,,155088,20.72,2.24,58.6,355,127156,19.5,2.41,56.07,3379,2002-08-01
Kent,http://landregistry.data.gov.uk/id/region/kent,E10000016,2002-09,3071,monthly,132548,21.54,2.7,57.92,3071,230858,19.74,2.88,60.29,139127,21.72,2.87,57.67,105022,21.85,2.52,54.27,91544,23.74,2.44,62.46,,,,,,,,,,,,,,,,,,,158050,21.0,1.91,59.72,316,130705,21.61,2.79,57.64,2755,2002-09-01
Kent,http://landregistry.data.gov.uk/id/region/kent,E10000016,2002-10,3319,monthly,134786,22.05,1.69,58.9,3319,234192,19.88,1.44,61.16,141737,22.51,1.88,58.75,106677,22.38,1.58,55.13,93372,24.27,2.0,63.71,,,,,,,,,,,,,,,,,,,160730,20.26,1.7,60.73,339,132911,22.27,1.69,58.61,2980,2002-10-01
Kent,http://landregistry.data.gov.uk/id/region/kent,E10000016,2002-11,3041,monthly,137427,23.9,1.96,60.06,3041,238873,21.9,2.0,62.38,144483,24.14,1.94,59.89,108613,24.25,1.82,56.13,95512,26.16,2.29,65.17,,,,,,,,,,,,,,,,,,,163288,21.44,1.59,61.69,300,135573,24.19,2.0,59.78,2741,2002-11-01
Kent,http://landregistry.data.gov.uk/id/region/kent,E10000016,2002-12,2842,monthly,139811,24.65,1.74,61.1,2842,241500,22.71,1.1,63.06,147103,24.87,1.81,60.97,110503,25.02,1.74,57.1,98120,26.82,2.73,66.95,,,,,,,,,,,,,,,,,,,165461,21.61,1.33,62.52,392,137990,25.01,1.78,60.85,2450,2002-12-01
Kent,http://landregistry.data.gov.uk/id/region/kent,E10000016,2003-01,2258,monthly,142449,25.63,1.89,62.25,2258,245374,23.32,1.6,64.08,149346,25.34,1.52,61.9,113018,26.76,2.28,58.4,100309,27.74,2.23,68.44,,,,,,,,,,,,,,,,,,,167385,21.84,1.16,63.24,181,140709,26.08,1.97,62.05,2077,2003-01-01
Kent,http://landregistry.data.gov.uk/id/region/kent,E10000016,2003-02,2099,monthly,143847,25.9,0.98,62.86,2099,246702,23.19,0.54,64.42,151153,26.07,1.21,62.65,114146,26.79,1.0,58.99,101557,28.37,1.24,69.29,,,,,,,,,,,,,,,,,,,169409,21.05,1.21,64.01,190,142054,26.48,0.96,62.64,1909,2003-02-01
Kent,http://landregistry.data.gov.uk/id/region/kent,E10000016,2003-03,2295,monthly,145129,25.81,0.89,63.42,2295,248673,23.27,0.8,64.94,152298,25.82,0.76,63.13,115500,26.69,1.19,59.69,102189,28.27,0.62,69.72,,,,,,,,,,,,,,,,,,,171007,21.41,0.94,64.61,264,143310,26.33,0.88,63.2,2031,2003-03-01
Kent,http://landregistry.data.gov.uk/id/region/kent,E10000016,2003-04,2320,monthly,146307,25.88,0.81,63.94,2320,249727,23.56,0.42,65.21,154120,26.51,1.2,63.88,116326,26.32,0.72,60.11,103119,27.7,0.91,70.36,,,,,,,,,,,,,,,,,,,173204,22.03,1.28,65.44,244,144395,26.34,0.76,63.68,2076,2003-04-01
Kent,http://landregistry.data.gov.uk/id/region/kent,E10000016,2003-05,2579,monthly,148414,24.4,1.44,64.86,2579,252531,22.39,1.12,65.95,156369,24.83,1.46,64.81,118512,25.28,1.88,61.24,104047,25.03,0.9,70.99,,,,,,,,,,,,,,,,,,,175244,21.81,1.18,66.21,265,146518,24.71,1.47,64.61,2314,2003-05-01
Kent,http://landregistry.data.gov.uk/id/region/kent,E10000016,2003-06,2618,monthly,150485,23.46,1.4,65.76,2618,255477,21.21,1.17,66.71,158597,24.05,1.42,65.74,120210,24.29,1.43,62.12,105775,24.28,1.66,72.17,,,,,,,,,,,,,,,,,,,178079,20.77,1.62,67.28,356,148525,23.78,1.37,65.5,2262,2003-06-01
Kent,http://landregistry.data.gov.uk/id/region/kent,E10000016,2003-07,2975,monthly,152694,21.14,1.47,66.73,2975,259108,18.44,1.42,67.66,160896,21.66,1.45,66.69,122159,22.16,1.62,63.13,107059,22.47,1.21,73.04,,,,,,,,,,,,,,,,,,,180712,19.13,1.48,68.28,246,150703,21.38,1.47,66.46,2729,2003-07-01
Kent,http://landregistry.data.gov.uk/id/region/kent,E10000016,2003-08,2960,monthly,154503,19.71,1.18,67.52,2960,262282,16.89,1.23,68.49,162591,20.22,1.05,67.39,123613,20.66,1.19,63.88,108541,21.46,1.38,74.06,,,,,,,,,,,,,,,,,,,182577,17.72,1.03,68.98,254,152516,19.94,1.2,67.26,2706,2003-08-01
Kent,http://landregistry.data.gov.uk/id/region/kent,E10000016,2003-09,2946,monthly,154644,16.67,0.09,67.58,2946,262561,13.73,0.11,68.56,162821,17.03,0.14,67.49,123906,17.98,0.24,64.03,108098,18.08,-0.41,73.75,,,,,,,,,,,,,,,,,,,181414,14.78,-0.64,68.54,284,152786,16.89,0.18,67.38,2662,2003-09-01
Kent,http://landregistry.data.gov.uk/id/region/kent,E10000016,2003-10,3288,monthly,155433,15.32,0.51,67.93,3288,262482,12.08,-0.03,68.54,163408,15.29,0.36,67.73,124965,17.14,0.85,64.58,109156,16.9,0.98,74.48,,,,,,,,,,,,,,,,,,,180903,12.55,-0.28,68.35,344,153707,15.65,0.6,67.78,2944,2003-10-01
Kent,http://landregistry.data.gov.uk/id/region/kent,E10000016,2003-11,3057,monthly,156414,13.82,0.63,68.35,3057,263275,10.22,0.3,68.75,164578,13.91,0.72,68.22,125907,15.92,0.75,65.07,109962,15.13,0.74,75.02,,,,,,,,,,,,,,,,,,,181639,11.24,0.41,68.63,264,154717,14.12,0.66,68.23,2793,2003-11-01
Kent,http://landregistry.data.gov.uk/id/region/kent,E10000016,2003-12,3392,monthly,159561,14.13,2.01,69.73,3392,266389,10.31,1.18,69.56,167766,14.05,1.94,69.54,128863,16.62,2.35,66.59,113132,15.3,2.88,77.19,,,,,,,,,,,,,,,,,,,184841,11.71,1.76,69.84,437,157876,14.41,2.04,69.62,2955,2003-12-01
Kent,http://landregistry.data.gov.uk/id/region/kent,E10000016,2004-01,2599,monthly,161055,13.06,0.94,70.38,2599,269144,9.69,1.03,70.28,169147,13.26,0.82,70.11,130166,15.17,1.01,67.27,114066,13.72,0.83,77.82,,,,,,,,,,,,,,,,,,,188011,12.32,1.72,71.04,190,159213,13.15,0.85,70.21,2409,2004-01-01
Kent,http://landregistry.data.gov.uk/id/region/kent,E10000016,2004-02,2662,monthly,162791,13.17,1.08,71.14,2662,271622,10.1,0.92,70.93,170626,12.88,0.87,70.72,131746,15.42,1.21,68.08,115656,13.88,1.39,78.91,,,,,,,,,,,,,,,,,,,192539,13.65,2.41,72.75,219,160678,13.11,0.92,70.86,2443,2004-02-01
Kent,http://landregistry.data.gov.uk/id/region/kent,E10000016,2004-03,2847,monthly,163426,12.61,0.39,71.42,2847,272907,9.75,0.47,71.27,170997,12.28,0.22,70.88,132476,14.7,0.55,68.46,115696,13.22,0.03,78.94,,,,,,,,,,,,,,,,,,,194924,13.99,1.24,73.65,306,161145,12.44,0.29,71.06,2541,2004-03-01
Kent,http://landregistry.data.gov.uk/id/region/kent,E10000016,2004-04,3249,monthly,165307,12.99,1.15,72.24,3249,273440,9.5,0.2,71.41,173117,12.33,1.24,71.76,134758,15.84,1.72,69.64,117055,13.51,1.17,79.86,,,,,,,,,,,,,,,,,,,194622,12.37,-0.15,73.53,328,163266,13.07,1.32,72.0,2921,2004-04-01
Kent,http://landregistry.data.gov.uk/id/region/kent,E10000016,2004-05,3022,monthly,167667,12.97,1.43,73.27,3022,274740,8.79,0.48,71.74,175548,12.26,1.4,72.76,137392,15.93,1.95,71.0,119061,14.43,1.71,81.23,,,,,,,,,,,,,,,,,,,195696,11.67,0.55,73.94,304,165771,13.14,1.53,73.1,2718,2004-05-01
Kent,http://landregistry.data.gov.uk/id/region/kent,E10000016,2004-06,3360,monthly,170448,13.27,1.66,74.49,3360,277423,8.59,0.98,72.45,178609,12.62,1.74,74.03,140030,16.49,1.92,72.36,121340,14.72,1.91,82.79,,,,,,,,,,,,,,,,,,,197933,11.15,1.14,74.78,454,168625,13.53,1.72,74.36,2906,2004-06-01
Kent,http://landregistry.data.gov.uk/id/region/kent,E10000016,2004-07,3679,monthly,173420,13.57,1.74,75.79,3679,282332,8.96,1.77,73.73,181887,13.05,1.84,75.39,142398,16.57,1.69,73.59,123351,15.22,1.66,84.16,,,,,,,,,,,,,,,,,,,200986,11.22,1.54,75.94,258,171607,13.87,1.77,75.68,3421,2004-07-01
Kent,http://landregistry.data.gov.uk/id/region/kent,E10000016,2004-08,3300,monthly,174671,13.05,0.72,76.33,3300,284759,8.57,0.86,74.36,183250,12.71,0.75,75.96,143385,15.99,0.69,74.1,124021,14.26,0.54,84.62,,,,,,,,,,,,,,,,,,,199680,9.37,-0.65,75.44,335,173137,13.52,0.89,76.35,2965,2004-08-01
Kent,http://landregistry.data.gov.uk/id/region/kent,E10000016,2004-09,2665,monthly,176351,14.04,0.96,77.07,2665,288751,9.97,1.4,75.4,184940,13.59,0.92,76.66,144630,16.73,0.87,74.74,124797,15.45,0.63,85.15,,,,,,,,,,,,,,,,,,,200772,10.67,0.55,75.86,277,174890,14.47,1.01,77.12,2388,2004-09-01
Kent,http://landregistry.data.gov.uk/id/region/kent,E10000016,2004-10,2552,monthly,177468,14.18,0.63,77.55,2552,289969,10.47,0.42,75.72,185709,13.65,0.42,76.97,145528,16.45,0.62,75.2,126437,15.83,1.31,86.27,,,,,,,,,,,,,,,,,,,202942,12.18,1.08,76.68,281,175901,14.44,0.58,77.57,2271,2004-10-01
Kent,http://landregistry.data.gov.uk/id/region/kent,E10000016,2004-11,2341,monthly,179394,14.69,1.08,78.4,2341,292580,11.13,0.9,76.4,187409,13.87,0.92,77.68,147118,16.85,1.09,76.03,128471,16.83,1.61,87.65,,,,,,,,,,,,,,,,,,,206948,13.93,1.97,78.19,278,177618,14.8,0.98,78.33,2063,2004-11-01
Kent,http://landregistry.data.gov.uk/id/region/kent,E10000016,2004-12,2360,monthly,178706,12.0,-0.38,78.1,2360,289255,8.58,-1.14,75.54,186330,11.07,-0.58,77.23,147186,14.22,0.05,76.06,128620,13.69,0.12,87.75,,,,,,,,,,,,,,,,,,,207592,12.31,0.31,78.43,499,176785,11.98,-0.47,77.96,1861,2004-12-01
Kent,http://landregistry.data.gov.uk/id/region/kent,E10000016,2005-01,1540,monthly,177335,10.11,-0.77,77.5,1540,287277,6.74,-0.68,75.02,184492,9.07,-0.99,76.47,146389,12.46,-0.54,75.65,127406,11.69,-0.94,86.93,,,,,,,,,,,,,,,,,,,208545,10.92,0.46,78.79,151,175165,10.02,-0.92,77.24,1389,2005-01-01
Kent,http://landregistry.data.gov.uk/id/region/kent,E10000016,2005-02,1531,monthly,176110,8.18,-0.69,76.96,1531,284661,4.8,-0.91,74.34,183211,7.38,-0.69,75.94,145584,10.5,-0.55,75.23,126521,9.39,-0.69,86.32,,,,,,,,,,,,,,,,,,,209568,8.84,0.49,79.18,192,173696,8.1,-0.84,76.6,1339,2005-02-01
Kent,http://landregistry.data.gov.uk/id/region/kent,E10000016,2005-03,1824,monthly,176228,7.83,0.07,77.01,1824,285291,4.54,0.22,74.5,183540,7.34,0.18,76.08,145679,9.97,0.06,75.28,126098,8.99,-0.33,86.03,,,,,,,,,,,,,,,,,,,210995,8.24,0.68,79.72,237,173679,7.78,-0.01,76.59,1587,2005-03-01
Kent,http://landregistry.data.gov.uk/id/region/kent,E10000016,2005-04,2068,monthly,176754,6.92,0.3,77.24,2068,284491,4.04,-0.28,74.29,184419,6.53,0.48,76.44,146334,8.59,0.45,75.62,126658,8.2,0.44,86.42,,,,,,,,,,,,,,,,,,,212657,9.27,0.79,80.35,305,174084,6.63,0.23,76.77,1763,2005-04-01
Kent,http://landregistry.data.gov.uk/id/region/kent,E10000016,2005-05,2198,monthly,177339,5.77,0.33,77.5,2198,285027,3.74,0.19,74.43,184810,5.28,0.21,76.6,147028,7.01,0.47,75.98,127205,6.84,0.43,86.79,,,,,,,,,,,,,,,,,,,213176,8.93,0.24,80.54,236,174681,5.38,0.34,77.03,1962,2005-05-01
Kent,http://landregistry.data.gov.uk/id/region/kent,E10000016,2005-06,2652,monthly,178361,4.64,0.58,77.94,2652,285534,2.92,0.18,74.56,185659,3.95,0.46,76.95,148142,5.79,0.76,76.56,128378,5.8,0.92,87.59,,,,,,,,,,,,,,,,,,,214267,8.25,0.51,80.96,423,175703,4.2,0.59,77.48,2229,2005-06-01
Kent,http://landregistry.data.gov.uk/id/region/kent,E10000016,2005-07,2797,monthly,180525,4.1,1.21,78.89,2797,289280,2.46,1.31,75.54,187932,3.32,1.22,77.9,150022,5.35,1.27,77.53,129622,5.08,0.97,88.44,,,,,,,,,,,,,,,,,,,215380,7.16,0.52,81.38,277,177997,3.72,1.31,78.49,2520,2005-07-01
Kent,http://landregistry.data.gov.uk/id/region/kent,E10000016,2005-08,2667,monthly,181165,3.72,0.35,79.17,2667,291126,2.24,0.64,76.02,188563,2.9,0.34,78.16,150776,5.15,0.5,77.92,129311,4.27,-0.24,88.23,,,,,,,,,,,,,,,,,,,215705,8.03,0.15,81.5,262,178677,3.2,0.38,78.79,2405,2005-08-01
Kent,http://landregistry.data.gov.uk/id/region/kent,E10000016,2005-09,2686,monthly,182697,3.6,0.85,79.84,2686,294656,2.05,1.21,76.95,190052,2.76,0.79,78.77,152002,5.1,0.81,78.55,130005,4.17,0.54,88.7,,,,,,,,,,,,,,,,,,,217569,8.37,0.86,82.2,331,180183,3.03,0.84,79.46,2355,2005-09-01
Kent,http://landregistry.data.gov.uk/id/region/kent,E10000016,2005-10,2553,monthly,181363,2.19,-0.73,79.26,2553,292566,0.9,-0.71,76.4,188308,1.4,-0.92,78.05,151001,3.76,-0.66,78.03,129240,2.22,-0.59,88.18,,,,,,,,,,,,,,,,,,,217171,7.01,-0.18,82.05,247,178737,1.61,-0.8,78.82,2306,2005-10-01
Kent,http://landregistry.data.gov.uk/id/region/kent,E10000016,2005-11,2559,monthly,181880,1.39,0.29,79.48,2559,292673,0.03,0.04,76.43,188915,0.8,0.32,78.3,151539,3.0,0.36,78.31,129757,1.0,0.4,88.53,,,,,,,,,,,,,,,,,,,219203,5.92,0.94,82.82,285,179093,0.83,0.2,78.98,2274,2005-11-01
Kent,http://landregistry.data.gov.uk/id/region/kent,E10000016,2005-12,3010,monthly,181040,1.31,-0.46,79.12,3010,289625,0.13,-1.04,75.63,187785,0.78,-0.6,77.83,151125,2.68,-0.27,78.1,129932,1.02,0.13,88.65,,,,,,,,,,,,,,,,,,,219107,5.55,-0.04,82.78,432,178166,0.78,-0.52,78.57,2578,2005-12-01
Kent,http://landregistry.data.gov.uk/id/region/kent,E10000016,2006-01,2198,monthly,181988,2.62,0.52,79.53,2198,291396,1.43,0.61,76.09,188782,2.33,0.53,78.25,152197,3.97,0.71,78.65,130011,2.04,0.06,88.7,,,,,,,,,,,,,,,,,,,219920,5.45,0.37,83.09,250,179135,2.27,0.54,79.0,1948,2006-01-01
Kent,http://landregistry.data.gov.uk/id/region/kent,E10000016,2006-02,2202,monthly,182755,3.77,0.42,79.87,2202,291509,2.41,0.04,76.12,189357,3.35,0.3,78.49,153003,5.1,0.53,79.07,131148,3.66,0.87,89.48,,,,,,,,,,,,,,,,,,,221357,5.63,0.65,83.63,243,179841,3.54,0.39,79.31,1959,2006-02-01
Kent,http://landregistry.data.gov.uk/id/region/kent,E10000016,2006-03,2862,monthly,183028,3.86,0.15,79.98,2862,292684,2.59,0.4,76.43,189810,3.42,0.24,78.67,153308,5.24,0.2,79.23,130613,3.58,-0.41,89.11,,,,,,,,,,,,,,,,,,,222038,5.23,0.31,83.89,336,180075,3.68,0.13,79.41,2526,2006-03-01
Kent,http://landregistry.data.gov.uk/id/region/kent,E10000016,2006-04,2672,monthly,184884,4.6,1.01,80.8,2672,294588,3.55,0.65,76.93,191887,4.05,1.09,79.54,154881,5.84,1.03,80.04,132327,4.48,1.31,90.28,,,,,,,,,,,,,,,,,,,224215,5.44,0.98,84.71,386,181909,4.49,1.02,80.22,2286,2006-04-01
Kent,http://landregistry.data.gov.uk/id/region/kent,E10000016,2006-05,2956,monthly,186636,5.24,0.95,81.56,2956,298058,4.57,1.18,77.83,193897,4.92,1.05,80.37,156305,6.31,0.92,80.77,133060,4.6,0.55,90.78,,,,,,,,,,,,,,,,,,,225110,5.6,0.4,85.05,335,183761,5.2,1.02,81.03,2621,2006-05-01
Kent,http://landregistry.data.gov.uk/id/region/kent,E10000016,2006-06,3494,monthly,189281,6.12,1.42,82.72,3494,301511,5.6,1.16,78.74,196689,5.94,1.44,81.53,158617,7.07,1.48,81.97,135178,5.3,1.59,92.23,,,,,,,,,,,,,,,,,,,227141,6.01,0.9,85.82,534,186487,6.14,1.48,82.24,2960,2006-06-01
Kent,http://landregistry.data.gov.uk/id/region/kent,E10000016,2006-07,3260,monthly,190761,5.67,0.78,83.36,3260,303999,5.09,0.83,79.39,198083,5.4,0.71,82.1,160269,6.83,1.04,82.82,135696,4.69,0.38,92.58,,,,,,,,,,,,,,,,,,,227784,5.76,0.28,86.06,298,188065,5.66,0.85,82.93,2962,2006-07-01
Kent,http://landregistry.data.gov.uk/id/region/kent,E10000016,2006-08,3666,monthly,191164,5.52,0.21,83.54,3666,305245,4.85,0.41,79.71,198494,5.27,0.21,82.27,160785,6.64,0.32,83.09,135391,4.7,-0.22,92.37,,,,,,,,,,,,,,,,,,,226065,4.8,-0.75,85.41,327,188697,5.61,0.34,83.21,3339,2006-08-01
Kent,http://landregistry.data.gov.uk/id/region/kent,E10000016,2006-09,3398,monthly,192428,5.33,0.66,84.09,3398,309132,4.91,1.27,80.73,200015,5.24,0.77,82.9,161723,6.4,0.58,83.57,135227,4.02,-0.12,92.26,,,,,,,,,,,,,,,,,,,226281,4.0,0.1,85.49,361,190081,5.49,0.73,83.82,3037,2006-09-01
Kent,http://landregistry.data.gov.uk/id/region/kent,E10000016,2006-10,3326,monthly,192780,6.3,0.18,84.25,3326,309879,5.92,0.24,80.92,200244,6.34,0.11,83.0,161782,7.14,0.04,83.6,135882,5.14,0.48,92.71,,,,,,,,,,,,,,,,,,,226256,4.18,-0.01,85.49,335,190476,6.57,0.21,84.0,2991,2006-10-01
Kent,http://landregistry.data.gov.uk/id/region/kent,E10000016,2006-11,3184,monthly,194173,6.76,0.72,84.85,3184,311769,6.52,0.61,81.41,201829,6.84,0.79,83.66,163042,7.59,0.78,84.26,136766,5.4,0.65,93.31,,,,,,,,,,,,,,,,,,,227943,3.99,0.75,86.12,319,191847,7.12,0.72,84.6,2865,2006-11-01
Kent,http://landregistry.data.gov.uk/id/region/kent,E10000016,2006-12,3520,monthly,194714,7.55,0.28,85.09,3520,310848,7.33,-0.3,81.17,202136,7.64,0.15,83.78,163951,8.49,0.56,84.73,137708,5.98,0.69,93.95,,,,,,,,,,,,,,,,,,,228704,4.38,0.33,86.41,569,192367,7.97,0.27,84.83,2951,2006-12-01
Kent,http://landregistry.data.gov.uk/id/region/kent,E10000016,2007-01,2563,monthly,196457,7.95,0.9,85.85,2563,314052,7.77,1.03,82.01,203875,7.99,0.86,84.5,165496,8.74,0.94,85.52,138671,6.66,0.7,94.61,,,,,,,,,,,,,,,,,,,231121,5.09,1.06,87.32,217,194049,8.33,0.87,85.57,2346,2007-01-01
Kent,http://landregistry.data.gov.uk/id/region/kent,E10000016,2007-02,2544,monthly,197463,8.05,0.51,86.29,2544,315366,8.18,0.42,82.35,204682,8.09,0.4,84.84,166079,8.55,0.35,85.82,140118,6.84,1.04,95.6,,,,,,,,,,,,,,,,,,,232814,5.18,0.73,87.96,231,194989,8.42,0.48,85.99,2313,2007-02-01
Kent,http://landregistry.data.gov.uk/id/region/kent,E10000016,2007-03,3217,monthly,198762,8.6,0.66,86.86,3217,318003,8.65,0.84,83.04,206074,8.57,0.68,85.42,167253,9.1,0.71,86.43,140565,7.62,0.32,95.9,,,,,,,,,,,,,,,,,,,233454,5.14,0.28,88.21,487,196366,9.05,0.71,86.59,2730,2007-03-01
Kent,http://landregistry.data.gov.uk/id/region/kent,E10000016,2007-04,2763,monthly,199083,7.68,0.16,87.0,2763,317515,7.78,-0.15,82.92,206448,7.59,0.18,85.57,167777,8.33,0.31,86.7,140875,6.46,0.22,96.12,,,,,,,,,,,,,,,,,,,232590,3.74,-0.37,87.88,352,196818,8.2,0.23,86.79,2411,2007-04-01
Kent,http://landregistry.data.gov.uk/id/region/kent,E10000016,2007-05,3084,monthly,201844,8.15,1.39,88.21,3084,321135,7.74,1.14,83.86,209216,7.9,1.34,86.72,170611,9.15,1.69,88.17,142593,7.16,1.22,97.29,,,,,,,,,,,,,,,,,,,235956,4.82,1.45,89.15,324,199532,8.58,1.38,87.99,2760,2007-05-01
Kent,http://landregistry.data.gov.uk/id/region/kent,E10000016,2007-06,3579,monthly,204160,7.86,1.15,89.22,3579,324552,7.64,1.06,84.75,211453,7.51,1.07,87.64,172490,8.75,1.1,89.14,144605,6.97,1.41,98.66,,,,,,,,,,,,,,,,,,,238728,5.1,1.17,90.2,557,201815,8.22,1.14,89.0,3022,2007-06-01
Kent,http://landregistry.data.gov.uk/id/region/kent,E10000016,2007-07,3435,monthly,207334,8.69,1.55,90.61,3435,330687,8.78,1.89,86.35,214691,8.38,1.53,88.99,175240,9.34,1.59,90.56,146313,7.82,1.18,99.83,,,,,,,,,,,,,,,,,,,243088,6.72,1.83,91.84,301,204882,8.94,1.52,90.35,3134,2007-07-01
Kent,http://landregistry.data.gov.uk/id/region/kent,E10000016,2007-08,3834,monthly,208600,9.12,0.61,91.16,3834,334528,9.59,1.16,87.36,216223,8.93,0.71,89.62,176348,9.68,0.63,91.13,146129,7.93,-0.13,99.7,,,,,,,,,,,,,,,,,,,241593,6.87,-0.62,91.28,267,206458,9.41,0.77,91.04,3567,2007-08-01
Kent,http://landregistry.data.gov.uk/id/region/kent,E10000016,2007-09,2889,monthly,210023,9.14,0.68,91.78,2889,338297,9.43,1.13,88.34,217666,8.82,0.67,90.22,177428,9.71,0.61,91.69,146643,8.44,0.35,100.05,,,,,,,,,,,,,,,,,,,242436,7.14,0.35,91.6,288,207954,9.4,0.72,91.7,2601,2007-09-01
Kent,http://landregistry.data.gov.uk/id/region/kent,E10000016,2007-10,3068,monthly,211131,9.52,0.53,92.27,3068,340589,9.91,0.68,88.94,218506,9.12,0.39,90.57,178074,10.07,0.36,92.02,147850,8.81,0.82,100.88,,,,,,,,,,,,,,,,,,,243196,7.49,0.31,91.89,297,209108,9.78,0.55,92.21,2771,2007-10-01
Kent,http://landregistry.data.gov.uk/id/region/kent,E10000016,2007-11,2975,monthly,212153,9.26,0.48,92.71,2975,342388,9.82,0.53,89.41,219259,8.64,0.34,90.88,178521,9.49,0.25,92.25,149326,9.18,1.0,101.88,,,,,,,,,,,,,,,,,,,245821,7.84,1.08,92.88,295,209961,9.44,0.41,92.59,2680,2007-11-01
Kent,http://landregistry.data.gov.uk/id/region/kent,E10000016,2007-12,2421,monthly,213487,9.64,0.63,93.29,2421,343854,10.62,0.43,89.79,220444,9.06,0.54,91.37,179573,9.53,0.59,92.8,150844,9.54,1.02,102.92,,,,,,,,,,,,,,,,,,,248724,8.75,1.18,93.97,508,211133,9.76,0.56,93.11,1913,2007-12-01
Kent,http://landregistry.data.gov.uk/id/region/kent,E10000016,2008-01,1730,monthly,212796,8.32,-0.32,92.99,1730,343087,9.25,-0.22,89.59,219653,7.74,-0.36,91.04,178793,8.03,-0.43,92.4,150537,8.56,-0.2,102.71,,,,,,,,,,,,,,,,,,,248445,7.5,-0.11,93.87,151,210393,8.42,-0.35,92.78,1579,2008-01-01
Kent,http://landregistry.data.gov.uk/id/region/kent,E10000016,2008-02,1779,monthly,210701,6.7,-0.98,92.08,1779,338890,7.46,-1.22,88.5,217408,6.22,-1.02,90.11,177311,6.76,-0.83,91.63,149135,6.44,-0.93,101.75,,,,,,,,,,,,,,,,,,,248897,6.91,0.18,94.04,192,207933,6.64,-1.17,91.69,1587,2008-02-01
Kent,http://landregistry.data.gov.uk/id/region/kent,E10000016,2008-03,1805,monthly,207717,4.51,-1.42,90.77,1805,334228,5.1,-1.38,87.28,214855,4.26,-1.17,89.05,174988,4.63,-1.31,90.43,146321,4.1,-1.89,99.83,,,,,,,,,,,,,,,,,,,246305,5.5,-1.04,93.06,295,204844,4.32,-1.49,90.33,1510,2008-03-01
Kent,http://landregistry.data.gov.uk/id/region/kent,E10000016,2008-04,1726,monthly,207345,4.15,-0.18,90.61,1726,333474,5.03,-0.23,87.08,214797,4.04,-0.03,89.03,175101,4.37,0.06,90.49,145375,3.19,-0.65,99.19,,,,,,,,,,,,,,,,,,,247112,6.24,0.33,93.37,239,204293,3.8,-0.27,90.09,1487,2008-04-01
Kent,http://landregistry.data.gov.uk/id/region/kent,E10000016,2008-05,1846,monthly,206916,2.51,-0.21,90.42,1846,332895,3.66,-0.17,86.93,214765,2.65,-0.02,89.02,174741,2.42,-0.21,90.3,144697,1.48,-0.47,98.72,,,,,,,,,,,,,,,,,,,245474,4.03,-0.66,92.75,235,204035,2.26,-0.13,89.98,1611,2008-05-01
Kent,http://landregistry.data.gov.uk/id/region/kent,E10000016,2008-06,1749,monthly,206832,1.31,-0.04,90.39,1749,332794,2.54,-0.03,86.9,214652,1.51,-0.05,88.97,174833,1.36,0.05,90.35,144463,-0.1,-0.16,98.56,,,,,,,,,,,,,,,,,,,245034,2.64,-0.18,92.58,364,204002,1.08,-0.02,89.96,1385,2008-06-01
Kent,http://landregistry.data.gov.uk/id/region/kent,E10000016,2008-07,1442,monthly,204959,-1.15,-0.91,89.57,1442,330624,-0.02,-0.65,86.34,213035,-0.77,-0.75,88.3,172992,-1.28,-1.05,89.4,142861,-2.36,-1.11,97.47,,,,,,,,,,,,,,,,,,,240829,-0.93,-1.72,90.99,141,202451,-1.19,-0.76,89.28,1301,2008-07-01
Kent,http://landregistry.data.gov.uk/id/region/kent,E10000016,2008-08,1376,monthly,201903,-3.21,-1.49,88.23,1376,326643,-2.36,-1.2,85.3,209679,-3.03,-1.58,86.91,170251,-3.46,-1.58,87.98,140688,-3.72,-1.52,95.99,,,,,,,,,,,,,,,,,,,235170,-2.66,-2.35,88.85,181,199743,-3.25,-1.34,88.08,1195,2008-08-01
Kent,http://landregistry.data.gov.uk/id/region/kent,E10000016,2008-09,1265,monthly,198491,-5.49,-1.69,86.74,1265,323686,-4.32,-0.91,84.53,205695,-5.5,-1.9,85.26,166788,-6.0,-2.03,86.19,138328,-5.67,-1.68,94.38,,,,,,,,,,,,,,,,,,,230021,-5.12,-2.19,86.91,250,196543,-5.49,-1.6,86.67,1015,2008-09-01
Kent,http://landregistry.data.gov.uk/id/region/kent,E10000016,2008-10,1326,monthly,191895,-9.11,-3.32,83.86,1326,313422,-7.98,-3.17,81.85,198526,-9.14,-3.49,82.29,161015,-9.58,-3.46,83.21,134065,-9.32,-3.08,91.47,,,,,,,,,,,,,,,,,,,222692,-8.43,-3.19,84.14,206,189964,-9.15,-3.35,83.77,1120,2008-10-01
Kent,http://landregistry.data.gov.uk/id/region/kent,E10000016,2008-11,1046,monthly,186319,-12.18,-2.91,81.42,1046,304966,-10.93,-2.7,79.64,192975,-11.99,-2.8,79.99,156248,-12.48,-2.96,80.74,129845,-13.05,-3.15,88.59,,,,,,,,,,,,,,,,,,,217566,-11.49,-2.3,82.2,166,184241,-12.25,-3.01,81.25,880,2008-11-01
Kent,http://landregistry.data.gov.uk/id/region/kent,E10000016,2008-12,1219,monthly,181521,-14.97,-2.58,79.33,1219,295860,-13.96,-2.99,77.26,188460,-14.51,-2.34,78.11,152704,-14.96,-2.27,78.91,126086,-16.41,-2.89,86.03,,,,,,,,,,,,,,,,,,,211578,-14.93,-2.75,79.94,283,179555,-14.96,-2.54,79.18,936,2008-12-01
Kent,http://landregistry.data.gov.uk/id/region/kent,E10000016,2009-01,888,monthly,178441,-16.14,-1.7,77.98,888,291275,-15.1,-1.55,76.06,185107,-15.73,-1.78,76.72,149997,-16.11,-1.77,77.51,124034,-17.61,-1.63,84.63,,,,,,,,,,,,,,,,,,,209007,-15.87,-1.22,78.97,131,176356,-16.18,-1.78,77.77,757,2009-01-01
Kent,http://landregistry.data.gov.uk/id/region/kent,E10000016,2009-02,825,monthly,175980,-16.48,-1.38,76.9,825,286830,-15.36,-1.53,74.9,182311,-16.14,-1.51,75.57,147827,-16.63,-1.45,76.39,122959,-17.55,-0.87,83.89,,,,,,,,,,,,,,,,,,,206593,-17.0,-1.15,78.06,125,173850,-16.39,-1.42,76.66,700,2009-02-01
Kent,http://landregistry.data.gov.uk/id/region/kent,E10000016,2009-03,1096,monthly,172688,-16.86,-1.87,75.47,1096,281767,-15.7,-1.77,73.58,178406,-16.96,-2.14,73.95,144540,-17.4,-2.22,74.69,121723,-16.81,-1.01,83.05,,,,,,,,,,,,,,,,,,,204692,-16.89,-0.92,77.34,201,170327,-16.85,-2.03,75.11,895,2009-03-01
Kent,http://landregistry.data.gov.uk/id/region/kent,E10000016,2009-04,1178,monthly,172570,-16.77,-0.07,75.41,1178,279997,-16.04,-0.63,73.12,178699,-16.81,0.16,74.07,144762,-17.33,0.15,74.81,121611,-16.35,-0.09,82.97,,,,,,,,,,,,,,,,,,,204293,-17.33,-0.19,77.19,163,170236,-16.67,-0.05,75.07,1015,2009-04-01
Kent,http://landregistry.data.gov.uk/id/region/kent,E10000016,2009-05,1340,monthly,173336,-16.23,0.44,75.75,1340,281126,-15.55,0.4,73.41,179728,-16.31,0.58,74.5,145749,-16.59,0.68,75.32,121403,-16.1,-0.17,82.83,,,,,,,,,,,,,,,,,,,203717,-17.01,-0.28,76.97,161,171151,-16.12,0.54,75.47,1179,2009-05-01
Kent,http://landregistry.data.gov.uk/id/region/kent,E10000016,2009-06,1559,monthly,176029,-14.89,1.55,76.93,1559,285429,-14.23,1.53,74.54,183005,-14.74,1.82,75.85,148459,-15.09,1.86,76.72,122045,-15.52,0.53,83.27,,,,,,,,,,,,,,,,,,,204883,-16.39,0.57,77.41,217,174022,-14.7,1.68,76.74,1342,2009-06-01
Kent,http://landregistry.data.gov.uk/id/region/kent,E10000016,2009-07,1850,monthly,177609,-13.34,0.9,77.62,1850,289017,-12.58,1.26,75.47,184693,-13.3,0.92,76.55,149977,-13.3,1.02,77.5,122173,-14.48,0.1,83.36,,,,,,,,,,,,,,,,,,,204866,-14.93,-0.01,77.4,167,175783,-13.17,1.01,77.52,1683,2009-07-01
Kent,http://landregistry.data.gov.uk/id/region/kent,E10000016,2009-08,1774,monthly,180632,-10.54,1.7,78.94,1774,295313,-9.59,2.18,77.12,187870,-10.4,1.72,77.87,152581,-10.38,1.74,78.85,123289,-12.37,0.91,84.12,,,,,,,,,,,,,,,,,,,206766,-12.08,0.93,78.12,169,178948,-10.41,1.8,78.91,1605,2009-08-01
Kent,http://landregistry.data.gov.uk/id/region/kent,E10000016,2009-09,1747,monthly,183606,-7.5,1.65,80.24,1747,300927,-7.03,1.9,78.58,190960,-7.16,1.65,79.15,154974,-7.08,1.57,80.09,125039,-9.61,1.42,85.31,,,,,,,,,,,,,,,,,,,209231,-9.04,1.19,79.05,191,181997,-7.4,1.7,80.26,1556,2009-09-01
Kent,http://landregistry.data.gov.uk/id/region/kent,E10000016,2009-10,1903,monthly,186472,-2.83,1.56,81.49,1903,306396,-2.24,1.82,80.01,194150,-2.2,1.67,80.47,157209,-2.36,1.44,81.24,126537,-5.62,1.2,86.33,,,,,,,,,,,,,,,,,,,211624,-4.97,1.14,79.96,195,184933,-2.65,1.61,81.55,1708,2009-10-01
Kent,http://landregistry.data.gov.uk/id/region/kent,E10000016,2009-11,1936,monthly,187814,0.8,0.72,82.08,1936,308661,1.21,0.74,80.6,195464,1.29,0.68,81.02,158621,1.52,0.9,81.97,127104,-2.11,0.45,86.72,,,,,,,,,,,,,,,,,,,213398,-1.92,0.84,80.63,202,186236,1.08,0.7,82.13,1734,2009-11-01
Kent,http://landregistry.data.gov.uk/id/region/kent,E10000016,2009-12,2456,monthly,187281,3.17,-0.28,81.84,2456,306534,3.61,-0.69,80.05,195328,3.64,-0.07,80.96,158640,3.89,0.01,81.98,126311,0.18,-0.62,86.18,,,,,,,,,,,,,,,,,,,212164,0.28,-0.58,80.16,301,185777,3.47,-0.25,81.92,2155,2009-12-01
Kent,http://landregistry.data.gov.uk/id/region/kent,E10000016,2010-01,1015,monthly,188360,5.56,0.58,82.31,1015,309699,6.33,1.03,80.87,196605,6.21,0.65,81.49,159631,6.42,0.62,82.49,125924,1.52,-0.31,85.92,,,,,,,,,,,,,,,,,,,210389,0.66,-0.84,79.49,122,187186,6.14,0.76,82.55,893,2010-01-01
Kent,http://landregistry.data.gov.uk/id/region/kent,E10000016,2010-02,1300,monthly,190355,8.17,1.06,83.19,1300,313952,9.46,1.37,81.98,199135,9.23,1.29,82.54,161128,9.0,0.94,83.27,126450,2.84,0.42,86.27,,,,,,,,,,,,,,,,,,,212684,2.95,1.09,80.36,99,189214,8.84,1.08,83.44,1201,2010-02-01
Kent,http://landregistry.data.gov.uk/id/region/kent,E10000016,2010-03,1493,monthly,191211,10.73,0.45,83.56,1493,317544,12.7,1.14,82.92,199749,11.96,0.31,82.79,161341,11.62,0.13,83.38,126882,4.24,0.34,86.57,,,,,,,,,,,,,,,,,,,213464,4.29,0.37,80.65,151,190130,11.63,0.48,83.84,1342,2010-03-01
Kent,http://landregistry.data.gov.uk/id/region/kent,E10000016,2010-04,1451,monthly,191807,11.15,0.31,83.82,1451,317358,13.34,-0.06,82.87,200450,12.17,0.35,83.08,161975,11.89,0.39,83.7,127755,5.05,0.69,87.16,,,,,,,,,,,,,,,,,,,215609,5.54,1.01,81.46,143,190579,11.95,0.24,84.04,1308,2010-04-01
Kent,http://landregistry.data.gov.uk/id/region/kent,E10000016,2010-05,1588,monthly,190923,10.15,-0.46,83.43,1588,315525,12.24,-0.58,82.4,199286,10.88,-0.58,82.6,161262,10.64,-0.44,83.34,127667,5.16,-0.07,87.1,,,,,,,,,,,,,,,,,,,212927,4.52,-1.24,80.45,182,189861,10.93,-0.38,83.73,1406,2010-05-01
Kent,http://landregistry.data.gov.uk/id/region/kent,E10000016,2010-06,1871,monthly,193313,9.82,1.25,84.48,1871,319008,11.76,1.1,83.3,201922,10.34,1.32,83.69,163786,10.32,1.57,84.64,128615,5.38,0.74,87.75,,,,,,,,,,,,,,,,,,,214990,4.93,0.97,81.23,256,192295,10.5,1.28,84.8,1615,2010-06-01
Kent,http://landregistry.data.gov.uk/id/region/kent,E10000016,2010-07,2039,monthly,195097,9.85,0.92,85.26,2039,323859,12.06,1.52,84.57,203699,10.29,0.88,84.43,165156,10.12,0.84,85.35,128878,5.49,0.2,87.93,,,,,,,,,,,,,,,,,,,215868,5.37,0.41,81.56,156,194177,10.46,0.98,85.63,1883,2010-07-01
Kent,http://landregistry.data.gov.uk/id/region/kent,E10000016,2010-08,1932,monthly,197610,9.4,1.29,86.36,1932,329579,11.6,1.77,86.07,206761,10.06,1.5,85.7,166868,9.36,1.04,86.23,129609,5.13,0.57,88.43,,,,,,,,,,,,,,,,,,,218236,5.55,1.1,82.46,131,196718,9.93,1.31,86.75,1801,2010-08-01
Kent,http://landregistry.data.gov.uk/id/region/kent,E10000016,2010-09,1711,monthly,198325,8.02,0.36,86.67,1711,332852,10.61,0.99,86.92,207399,8.61,0.31,85.96,167002,7.76,0.08,86.3,129566,3.62,-0.03,88.4,,,,,,,,,,,,,,,,,,,219465,4.89,0.56,82.92,172,197387,8.46,0.34,87.04,1539,2010-09-01
Kent,http://landregistry.data.gov.uk/id/region/kent,E10000016,2010-10,1758,monthly,196786,5.53,-0.78,86.0,1758,329929,7.68,-0.88,86.16,205856,6.03,-0.74,85.32,165581,5.33,-0.85,85.57,128887,1.86,-0.52,87.94,,,,,,,,,,,,,,,,,,,219928,3.92,0.21,83.09,189,195647,5.79,-0.88,86.28,1569,2010-10-01
Kent,http://landregistry.data.gov.uk/id/region/kent,E10000016,2010-11,1629,monthly,194636,3.63,-1.09,85.06,1629,326398,5.75,-1.07,85.23,203417,4.07,-1.18,84.31,163709,3.21,-1.13,84.6,127768,0.52,-0.87,87.17,,,,,,,,,,,,,,,,,,,218272,2.28,-0.75,82.47,180,193439,3.87,-1.13,85.3,1449,2010-11-01
Kent,http://landregistry.data.gov.uk/id/region/kent,E10000016,2010-12,1728,monthly,192785,2.94,-0.95,84.25,1728,322286,5.14,-1.26,84.16,201850,3.34,-0.77,83.66,162158,2.22,-0.95,83.8,126738,0.34,-0.81,86.47,,,,,,,,,,,,,,,,,,,217798,2.66,-0.22,82.29,258,191450,3.05,-1.03,84.43,1470,2010-12-01
Kent,http://landregistry.data.gov.uk/id/region/kent,E10000016,2011-01,1137,monthly,192311,2.1,-0.25,84.04,1137,322226,4.04,-0.02,84.15,201125,2.3,-0.36,83.36,161593,1.23,-0.35,83.51,126495,0.45,-0.19,86.3,,,,,,,,,,,,,,,,,,,217973,3.6,0.08,82.36,82,190912,1.99,-0.28,84.19,1055,2011-01-01
Kent,http://landregistry.data.gov.uk/id/region/kent,E10000016,2011-02,1266,monthly,191794,0.76,-0.27,83.81,1266,321611,2.44,-0.19,83.98,200289,0.58,-0.42,83.02,161023,-0.07,-0.35,83.21,126573,0.1,0.06,86.36,,,,,,,,,,,,,,,,,,,218885,2.92,0.42,82.7,130,190256,0.55,-0.34,83.9,1136,2011-02-01
Kent,http://landregistry.data.gov.uk/id/region/kent,E10000016,2011-03,1367,monthly,189521,-0.88,-1.19,82.82,1367,319700,0.68,-0.59,83.49,197471,-1.14,-1.41,81.85,158784,-1.58,-1.39,82.06,124914,-1.55,-1.31,85.23,,,,,,,,,,,,,,,,,,,216876,1.6,-0.92,81.94,174,187963,-1.14,-1.21,82.89,1193,2011-03-01
Kent,http://landregistry.data.gov.uk/id/region/kent,E10000016,2011-04,1547,monthly,188378,-1.79,-0.6,82.32,1547,317430,0.02,-0.71,82.89,196180,-2.13,-0.65,81.31,158065,-2.41,-0.45,81.68,124130,-2.84,-0.63,84.69,,,,,,,,,,,,,,,,,,,216422,0.38,-0.21,81.77,172,186760,-2.0,-0.64,82.36,1375,2011-04-01
Kent,http://landregistry.data.gov.uk/id/region/kent,E10000016,2011-05,1445,monthly,187986,-1.54,-0.21,82.15,1445,315398,-0.04,-0.64,82.36,195928,-1.68,-0.13,81.21,158171,-1.92,0.07,81.74,123865,-2.98,-0.21,84.51,,,,,,,,,,,,,,,,,,,216807,1.82,0.18,81.92,153,186302,-1.87,-0.25,82.16,1292,2011-05-01
Kent,http://landregistry.data.gov.uk/id/region/kent,E10000016,2011-06,1766,monthly,189883,-1.77,1.01,82.98,1766,316640,-0.74,0.39,82.69,198247,-1.82,1.18,82.17,160057,-2.28,1.19,82.71,125460,-2.45,1.29,85.6,,,,,,,,,,,,,,,,,,,217742,1.28,0.43,82.27,232,188284,-2.09,1.06,83.03,1534,2011-06-01
Kent,http://landregistry.data.gov.uk/id/region/kent,E10000016,2011-07,1882,monthly,190945,-2.13,0.56,83.44,1882,317781,-1.88,0.36,82.98,199548,-2.04,0.66,82.71,161055,-2.48,0.62,83.23,126164,-2.11,0.56,86.08,,,,,,,,,,,,,,,,,,,218631,1.28,0.41,82.6,147,189364,-2.48,0.57,83.51,1735,2011-07-01
Kent,http://landregistry.data.gov.uk/id/region/kent,E10000016,2011-08,1892,monthly,190960,-3.37,0.01,83.45,1892,319242,-3.14,0.46,83.37,199957,-3.29,0.2,82.88,160859,-3.6,-0.12,83.13,125109,-3.47,-0.84,85.36,,,,,,,,,,,,,,,,,,,217398,-0.38,-0.56,82.14,123,189482,-3.68,0.06,83.56,1769,2011-08-01
Kent,http://landregistry.data.gov.uk/id/region/kent,E10000016,2011-09,1955,monthly,190949,-3.72,-0.01,83.45,1955,320707,-3.65,0.46,83.75,199839,-3.65,-0.06,82.83,160673,-3.79,-0.12,83.03,124574,-3.85,-0.43,84.99,,,,,,,,,,,,,,,,,,,216642,-1.29,-0.35,81.85,166,189533,-3.98,0.03,83.58,1789,2011-09-01
Kent,http://landregistry.data.gov.uk/id/region/kent,E10000016,2011-10,1699,monthly,190550,-3.17,-0.21,83.27,1699,321238,-2.63,0.17,83.89,199777,-2.95,-0.03,82.81,160006,-3.37,-0.41,82.69,123643,-4.07,-0.75,84.36,,,,,,,,,,,,,,,,,,,215628,-1.96,-0.47,81.47,144,189184,-3.3,-0.18,83.43,1555,2011-10-01
Kent,http://landregistry.data.gov.uk/id/region/kent,E10000016,2011-11,1841,monthly,191649,-1.53,0.58,83.75,1841,322641,-1.15,0.44,84.25,200696,-1.34,0.46,83.19,160970,-1.67,0.6,83.18,124855,-2.28,0.98,85.19,,,,,,,,,,,,,,,,,,,217956,-0.14,1.08,82.35,138,190185,-1.68,0.53,83.87,1703,2011-11-01
Kent,http://landregistry.data.gov.uk/id/region/kent,E10000016,2011-12,1913,monthly,191939,-0.44,0.15,83.88,1913,321996,-0.09,-0.2,84.09,201329,-0.26,0.32,83.45,161268,-0.55,0.19,83.34,125267,-1.16,0.33,85.47,,,,,,,,,,,,,,,,,,,219077,0.59,0.51,82.77,192,190407,-0.54,0.12,83.97,1721,2011-12-01
Kent,http://landregistry.data.gov.uk/id/region/kent,E10000016,2012-01,1306,monthly,191156,-0.6,-0.41,83.54,1306,319802,-0.75,-0.68,83.51,200693,-0.22,-0.32,83.18,160947,-0.4,-0.2,83.17,124563,-1.53,-0.56,84.99,154344,,,82.16,215807,,,82.37,180435,,,82.45,503,192590,,,82.2,803,218612,0.29,-0.21,82.6,81,189596,-0.69,-0.43,83.61,1225,2012-01-01
Kent,http://landregistry.data.gov.uk/id/region/kent,E10000016,2012-02,1364,monthly,189057,-1.43,-1.1,82.62,1364,316343,-1.64,-1.08,82.61,198507,-0.89,-1.09,82.28,159339,-1.05,-1.0,82.34,122902,-2.9,-1.33,83.85,153787,,-0.36,81.86,215034,,-0.36,82.07,179717,,-0.4,82.12,492,191941,,-0.34,81.93,872,216333,-1.17,-1.04,81.74,98,187507,-1.44,-1.1,82.69,1266,2012-02-01
Kent,http://landregistry.data.gov.uk/id/region/kent,E10000016,2012-03,1902,monthly,188225,-0.68,-0.44,82.26,1902,313747,-1.86,-0.82,81.93,197568,0.05,-0.47,81.89,159083,0.19,-0.16,82.21,122648,-1.81,-0.21,83.68,154723,,0.61,82.36,215390,,0.17,82.21,180342,,0.35,82.4,602,192547,,0.32,82.18,1300,216479,-0.18,0.07,81.79,187,186601,-0.72,-0.48,82.29,1715,2012-03-01
Kent,http://landregistry.data.gov.uk/id/region/kent,E10000016,2012-04,1216,monthly,189364,0.52,0.6,82.75,1216,315903,-0.48,0.69,82.49,198396,1.13,0.42,82.23,159899,1.16,0.51,82.63,123907,-0.18,1.03,84.54,155639,,0.59,82.85,216708,,0.61,82.71,181724,,0.77,83.04,472,193534,,0.51,82.61,744,218229,0.84,0.81,82.45,114,187697,0.5,0.59,82.77,1102,2012-04-01
Kent,http://landregistry.data.gov.uk/id/region/kent,E10000016,2012-05,1666,monthly,191673,1.96,1.22,83.76,1666,319333,1.25,1.09,83.39,200840,2.51,1.23,83.25,161923,2.37,1.27,83.68,125564,1.37,1.34,85.67,157628,,1.28,83.91,219277,,1.19,83.69,184264,,1.4,84.2,632,195697,,1.12,83.53,1034,220784,1.83,1.17,83.42,157,189994,1.98,1.22,83.78,1509,2012-05-01
Kent,http://landregistry.data.gov.uk/id/region/kent,E10000016,2012-06,1750,monthly,192898,1.59,0.64,84.3,1750,322157,1.74,0.88,84.13,201927,1.86,0.54,83.7,163092,1.9,0.72,84.28,125821,0.29,0.21,85.85,158319,,0.44,84.28,220933,,0.75,84.32,185430,,0.63,84.73,598,196955,,0.64,84.07,1152,220899,1.45,0.05,83.46,185,191303,1.6,0.69,84.36,1565,2012-06-01
Kent,http://landregistry.data.gov.uk/id/region/kent,E10000016,2012-07,1845,monthly,194938,2.09,1.06,85.19,1845,325413,2.4,1.01,84.98,204033,2.25,1.04,84.57,165017,2.46,1.18,85.28,126964,0.63,0.91,86.62,159915,,1.01,85.13,223333,,1.09,85.24,187136,,0.92,85.51,699,199193,,1.14,85.02,1146,220197,0.72,-0.32,83.2,104,193551,2.21,1.18,85.35,1741,2012-07-01
Kent,http://landregistry.data.gov.uk/id/region/kent,E10000016,2012-08,2002,monthly,196764,3.04,0.94,85.99,2002,328653,2.95,1.0,85.82,206029,3.04,0.98,85.4,166908,3.76,1.15,86.25,127339,1.78,0.3,86.88,161271,,0.85,85.85,225539,,0.99,86.08,188755,,0.87,86.25,756,201139,,0.98,85.85,1246,219959,1.18,-0.11,83.11,126,195535,3.19,1.02,86.23,1876,2012-08-01
Kent,http://landregistry.data.gov.uk/id/region/kent,E10000016,2012-09,1669,monthly,198029,3.71,0.64,86.54,1669,331160,3.26,0.76,86.48,207341,3.75,0.64,85.94,167937,4.52,0.62,86.79,127963,2.72,0.49,87.31,162369,,0.68,86.43,226940,,0.62,86.62,190227,,0.78,86.92,588,202276,,0.57,86.34,1081,220362,1.72,0.18,83.26,193,196867,3.87,0.68,86.81,1476,2012-09-01
Kent,http://landregistry.data.gov.uk/id/region/kent,E10000016,2012-10,1791,monthly,196900,3.33,-0.57,86.05,1791,328761,2.34,-0.72,85.85,206277,3.25,-0.51,85.5,167007,4.38,-0.55,86.3,127405,3.04,-0.44,86.93,161605,,-0.47,86.03,225515,,-0.63,86.07,189194,,-0.54,86.45,698,201091,,-0.59,85.83,1093,222338,3.11,0.9,84.0,117,195504,3.34,-0.69,86.21,1674,2012-10-01
Kent,http://landregistry.data.gov.uk/id/region/kent,E10000016,2012-11,1944,monthly,195498,2.01,-0.71,85.43,1944,326303,1.13,-0.75,85.21,204802,2.05,-0.71,84.89,165709,2.94,-0.78,85.63,126768,1.53,-0.5,86.49,160558,,-0.65,85.47,223826,,-0.75,85.43,187825,,-0.72,85.82,735,199672,,-0.71,85.23,1209,223810,2.69,0.66,84.56,158,193888,1.95,-0.83,85.5,1786,2012-11-01
Kent,http://landregistry.data.gov.uk/id/region/kent,E10000016,2012-12,1652,monthly,195765,1.99,0.14,85.55,1652,327232,1.63,0.28,85.45,205132,1.89,0.16,85.03,165801,2.81,0.06,85.68,126753,1.19,-0.01,86.48,160624,,0.04,85.5,224255,,0.19,85.59,188072,,0.13,85.94,568,199951,,0.14,85.34,1084,226033,3.18,0.99,85.4,175,194011,1.89,0.06,85.56,1477,2012-12-01
Kent,http://landregistry.data.gov.uk/id/region/kent,E10000016,2013-01,1317,monthly,196094,2.58,0.17,85.69,1317,328179,2.62,0.29,85.7,205902,2.6,0.38,85.34,166037,3.16,0.14,85.8,126224,1.33,-0.42,86.12,160724,4.13,0.06,85.56,224769,4.15,0.23,85.79,188158,4.28,0.05,85.98,502,200427,4.07,0.24,85.55,815,224695,2.78,-0.59,84.9,77,194463,2.57,0.23,85.75,1240,2013-01-01
Kent,http://landregistry.data.gov.uk/id/region/kent,E10000016,2013-02,1354,monthly,195982,3.66,-0.06,85.65,1354,328058,3.7,-0.04,85.67,205795,3.67,-0.05,85.3,165896,4.11,-0.08,85.73,126122,2.62,-0.08,86.05,160607,4.43,-0.07,85.49,224658,4.48,-0.05,85.75,187810,4.5,-0.18,85.82,512,200458,4.44,0.02,85.56,842,222511,2.86,-0.97,84.07,109,194502,3.73,0.02,85.77,1245,2013-02-01
Kent,http://landregistry.data.gov.uk/id/region/kent,E10000016,2013-03,1604,monthly,195779,4.01,-0.1,85.56,1604,328078,4.57,0.01,85.67,205677,4.1,-0.06,85.25,165545,4.06,-0.21,85.55,125879,2.63,-0.19,85.88,160352,3.64,-0.16,85.36,224496,4.23,-0.07,85.68,187356,3.89,-0.24,85.61,605,200405,4.08,-0.03,85.54,999,222241,2.66,-0.12,83.97,144,194311,4.13,-0.1,85.69,1460,2013-03-01
Kent,http://landregistry.data.gov.uk/id/region/kent,E10000016,2013-04,1467,monthly,196183,3.6,0.21,85.73,1467,328629,4.03,0.17,85.82,205781,3.72,0.05,85.29,166034,3.84,0.3,85.8,126340,1.96,0.37,86.2,160762,3.29,0.26,85.58,224893,3.78,0.18,85.84,187966,3.43,0.33,85.89,615,200673,3.69,0.13,85.65,852,224416,2.84,0.98,84.79,136,194593,3.67,0.15,85.81,1331,2013-04-01
Kent,http://landregistry.data.gov.uk/id/region/kent,E10000016,2013-05,1951,monthly,197730,3.16,0.79,86.41,1951,330610,3.53,0.6,86.33,207409,3.27,0.79,85.97,167396,3.38,0.82,86.51,127640,1.65,1.03,87.09,162034,2.79,0.79,86.25,226663,3.37,0.79,86.51,189647,2.92,0.89,86.66,724,202127,3.29,0.72,86.27,1227,227636,3.1,1.43,86.01,145,196027,3.18,0.74,86.44,1806,2013-05-01
Kent,http://landregistry.data.gov.uk/id/region/kent,E10000016,2013-06,1830,monthly,197738,2.51,0.0,86.41,1830,329823,2.38,-0.24,86.13,207511,2.77,0.05,86.01,167717,2.84,0.19,86.67,127565,1.39,-0.06,87.03,162133,2.41,0.06,86.31,226595,2.56,-0.03,86.49,189318,2.1,-0.17,86.51,689,202353,2.74,0.11,86.37,1140,227535,3.0,-0.04,85.97,218,196043,2.48,0.01,86.45,1612,2013-06-01
Kent,http://landregistry.data.gov.uk/id/region/kent,E10000016,2013-07,2242,monthly,199768,2.48,1.03,87.3,2242,333139,2.37,1.01,87.0,209627,2.74,1.02,86.89,169422,2.67,1.02,87.55,128964,1.58,1.1,87.99,163771,2.41,1.01,87.18,228944,2.51,1.04,87.38,191343,2.25,1.07,87.43,836,204380,2.6,1.0,87.23,1406,228009,3.55,0.21,86.15,139,198185,2.39,1.09,87.4,2103,2013-07-01
Kent,http://landregistry.data.gov.uk/id/region/kent,E10000016,2013-08,2445,monthly,201400,2.36,0.82,88.01,2445,336441,2.37,0.99,87.86,211497,2.65,0.89,87.66,170772,2.32,0.8,88.25,129523,1.72,0.43,88.37,165011,2.32,0.76,87.84,230896,2.38,0.85,88.13,192937,2.22,0.83,88.16,887,206029,2.43,0.81,87.94,1558,228231,3.76,0.1,86.23,144,199917,2.24,0.87,88.16,2301,2013-08-01
Kent,http://landregistry.data.gov.uk/id/region/kent,E10000016,2013-09,2148,monthly,203257,2.64,0.92,88.82,2148,340654,2.87,1.25,88.96,213312,2.88,0.86,88.42,172217,2.55,0.85,89.0,130364,1.88,0.65,88.94,166416,2.49,0.85,88.59,233122,2.72,0.96,88.98,195047,2.53,1.09,89.12,811,207713,2.69,0.82,88.66,1337,230278,4.5,0.9,87.01,135,201764,2.49,0.92,88.97,2013,2013-09-01
Kent,http://landregistry.data.gov.uk/id/region/kent,E10000016,2013-10,2415,monthly,203599,3.4,0.17,88.97,2415,342279,4.11,0.48,89.38,213767,3.63,0.21,88.6,172280,3.16,0.04,89.03,130162,2.16,-0.15,88.81,166568,3.07,0.09,88.67,233621,3.59,0.21,89.17,195376,3.27,0.17,89.27,928,208062,3.47,0.17,88.81,1487,231859,4.28,0.69,87.6,161,202021,3.33,0.13,89.09,2254,2013-10-01
Kent,http://landregistry.data.gov.uk/id/region/kent,E10000016,2013-11,2464,monthly,204254,4.48,0.32,89.26,2464,343235,5.19,0.28,89.63,214613,4.79,0.4,88.95,172778,4.27,0.29,89.29,130588,3.01,0.33,89.1,167179,4.12,0.37,88.99,234310,4.68,0.29,89.43,195900,4.3,0.27,89.51,1034,208799,4.57,0.35,89.12,1430,233853,4.49,0.86,88.36,164,202584,4.49,0.28,89.34,2300,2013-11-01
Kent,http://landregistry.data.gov.uk/id/region/kent,E10000016,2013-12,2338,monthly,205905,5.18,0.81,89.98,2338,343987,5.12,0.22,89.83,216789,5.68,1.01,89.86,174248,5.09,0.85,90.05,132329,4.4,1.33,90.29,168812,5.1,0.98,89.86,235969,5.22,0.71,90.06,197518,5.02,0.83,90.25,822,210464,5.26,0.8,89.83,1515,237263,4.97,1.46,89.64,224,204118,5.21,0.76,90.01,2114,2013-12-01
Kent,http://landregistry.data.gov.uk/id/region/kent,E10000016,2014-01,2051,monthly,207744,5.94,0.89,90.79,2051,346488,5.58,0.73,90.48,218711,6.22,0.89,90.65,175873,5.92,0.93,90.89,133780,5.99,1.1,91.28,170460,6.06,0.98,90.74,237960,5.87,0.84,90.82,199150,5.84,0.83,91.0,723,212429,5.99,0.93,90.67,1328,239708,6.68,1.03,90.57,104,205919,5.89,0.88,90.81,1947,2014-01-01
Kent,http://landregistry.data.gov.uk/id/region/kent,E10000016,2014-02,1994,monthly,209113,6.7,0.66,91.38,1994,348990,6.38,0.72,91.13,220071,6.94,0.62,91.22,177013,6.7,0.65,91.48,134643,6.76,0.65,91.86,171669,6.89,0.71,91.38,239448,6.58,0.63,91.39,200451,6.73,0.65,91.59,672,213835,6.67,0.66,91.27,1322,243050,9.23,1.39,91.83,118,207150,6.5,0.6,91.35,1876,2014-02-01
Kent,http://landregistry.data.gov.uk/id/region/kent,E10000016,2014-03,2124,monthly,210284,7.41,0.56,91.9,2124,351485,7.13,0.72,91.79,221384,7.64,0.6,91.76,177915,7.47,0.51,91.94,135054,7.29,0.31,92.14,172572,7.62,0.53,91.86,240826,7.27,0.58,91.92,201522,7.56,0.53,92.08,790,215062,7.31,0.57,91.79,1334,244206,9.88,0.48,92.27,176,208317,7.21,0.56,91.86,1948,2014-03-01
Kent,http://landregistry.data.gov.uk/id/region/kent,E10000016,2014-04,2092,monthly,212051,8.09,0.84,92.67,2092,353542,7.58,0.59,92.32,223305,8.52,0.87,92.56,179691,8.23,1.0,92.86,136202,7.81,0.85,92.93,174184,8.35,0.93,92.72,242703,7.92,0.78,92.63,203244,8.13,0.85,92.87,756,216851,8.06,0.83,92.56,1336,247302,10.2,1.27,93.44,183,209990,7.91,0.8,92.6,1909,2014-04-01
Kent,http://landregistry.data.gov.uk/id/region/kent,E10000016,2014-05,2447,monthly,214919,8.69,1.35,93.92,2447,357456,8.12,1.11,93.35,226297,9.11,1.34,93.8,182456,9.0,1.54,94.29,138050,8.16,1.36,94.19,176595,8.99,1.38,94.0,245936,8.5,1.33,93.87,205839,8.54,1.28,94.05,865,219875,8.78,1.39,93.85,1582,251432,10.45,1.67,95.0,178,212774,8.54,1.33,93.83,2269,2014-05-01
Kent,http://landregistry.data.gov.uk/id/region/kent,E10000016,2014-06,2431,monthly,218018,10.26,1.44,95.28,2431,362489,9.9,1.41,94.66,229539,10.62,1.43,95.14,185151,10.39,1.48,95.68,140035,9.78,1.44,95.54,179222,10.54,1.49,95.4,249411,10.07,1.41,95.19,208718,10.25,1.4,95.37,848,223097,10.25,1.47,95.22,1583,254975,12.06,1.41,96.34,224,215848,10.1,1.44,95.18,2207,2014-06-01
Kent,http://landregistry.data.gov.uk/id/region/kent,E10000016,2014-07,2709,monthly,221033,10.64,1.38,96.59,2709,368091,10.49,1.55,96.12,232769,11.04,1.41,96.48,187776,10.83,1.42,97.04,141548,9.76,1.08,96.57,181599,10.89,1.33,96.67,252949,10.49,1.42,96.54,211379,10.47,1.28,96.59,982,226312,10.73,1.44,96.6,1727,257207,12.81,0.88,97.18,163,218927,10.47,1.43,96.54,2546,2014-07-01
Kent,http://landregistry.data.gov.uk/id/region/kent,E10000016,2014-08,2774,monthly,223336,10.89,1.04,97.6,2774,372688,10.77,1.25,97.32,235323,11.27,1.1,97.54,189612,11.03,0.98,97.99,142697,10.17,0.81,97.36,183389,11.14,0.99,97.62,255677,10.73,1.08,97.59,213399,10.61,0.96,97.51,975,228777,11.04,1.09,97.65,1799,256906,12.56,-0.12,97.07,204,221426,10.76,1.14,97.64,2570,2014-08-01
Kent,http://landregistry.data.gov.uk/id/region/kent,E10000016,2014-09,2443,monthly,225674,11.03,1.05,98.62,2443,376846,10.62,1.12,98.41,237611,11.39,0.97,98.49,191653,11.29,1.08,99.04,144143,10.57,1.01,98.35,185272,11.33,1.03,98.62,258387,10.84,1.06,98.62,215683,10.58,1.07,98.55,838,231144,11.28,1.03,98.66,1605,257967,12.02,0.41,97.47,206,223864,10.95,1.1,98.72,2237,2014-09-01
Kent,http://landregistry.data.gov.uk/id/region/kent,E10000016,2014-10,2805,monthly,227590,11.78,0.85,99.46,2805,380154,11.07,0.88,99.27,239631,12.1,0.85,99.32,193068,12.07,0.74,99.77,145592,11.85,1.01,99.33,186858,12.18,0.86,99.47,260569,11.54,0.84,99.45,217658,11.4,0.92,99.45,1027,233022,12.0,0.81,99.46,1778,260147,12.2,0.85,98.29,252,225765,11.75,0.85,99.56,2553,2014-10-01
Kent,http://landregistry.data.gov.uk/id/region/kent,E10000016,2014-11,2292,monthly,228791,12.01,0.53,99.98,2292,382171,11.34,0.53,99.8,240884,12.24,0.52,99.84,193816,12.18,0.39,100.16,146722,12.35,0.78,100.11,187899,12.39,0.56,100.02,261894,11.77,0.51,99.96,218958,11.77,0.6,100.05,809,234163,12.15,0.49,99.95,1483,261406,11.78,0.48,98.77,163,226964,12.03,0.53,100.09,2129,2014-11-01
Kent,http://landregistry.data.gov.uk/id/region/kent,E10000016,2014-12,2511,monthly,228843,11.14,0.02,100.01,2511,382980,11.34,0.21,100.01,241077,11.2,0.08,99.92,193628,11.12,-0.1,100.06,146594,10.78,-0.09,100.02,187848,11.28,-0.03,99.99,262039,11.05,0.06,100.01,219100,10.93,0.06,100.11,879,234164,11.26,0.0,99.95,1632,262779,10.75,0.53,99.28,312,226920,11.17,-0.02,100.07,2199,2014-12-01
Kent,http://landregistry.data.gov.uk/id/region/kent,E10000016,2015-01,1873,monthly,228830,10.15,-0.01,100.0,1873,382940,10.52,-0.01,100.0,241261,10.31,0.08,100.0,193509,10.03,-0.06,100.0,146568,9.56,-0.02,100.0,187858,10.21,0.01,100.0,262004,10.1,-0.01,100.0,218852,9.89,-0.11,100.0,710,234287,10.29,0.05,100.0,1163,264672,10.41,0.72,100.0,123,226768,10.12,-0.07,100.0,1750,2015-01-01
Kent,http://landregistry.data.gov.uk/id/region/kent,E10000016,2015-02,1802,monthly,228370,9.21,-0.2,99.8,1802,382320,9.55,-0.16,99.84,240566,9.31,-0.29,99.71,192963,9.01,-0.28,99.72,146593,8.88,0.02,100.02,187422,9.18,-0.23,99.77,261531,9.22,-0.18,99.82,218215,8.86,-0.29,99.71,642,233929,9.4,-0.15,99.85,1160,267475,10.05,1.06,101.06,117,226083,9.14,-0.3,99.7,1685,2015-02-01
Kent,http://landregistry.data.gov.uk/id/region/kent,E10000016,2015-03,1997,monthly,228561,8.69,0.08,99.88,1997,382909,8.94,0.15,99.99,240866,8.8,0.13,99.84,192852,8.4,-0.06,99.66,146860,8.74,0.18,100.2,187520,8.66,0.05,99.82,261804,8.71,0.1,99.92,218008,8.18,-0.09,99.61,716,234349,8.97,0.18,100.03,1281,269296,10.27,0.68,101.75,156,226172,8.57,0.04,99.74,1841,2015-03-01
Kent,http://landregistry.data.gov.uk/id/region/kent,E10000016,2015-04,2050,monthly,229597,8.27,0.45,100.34,2050,384778,8.84,0.49,100.48,241829,8.3,0.4,100.24,193808,7.86,0.5,100.15,147463,8.27,0.41,100.61,188413,8.17,0.48,100.3,262950,8.34,0.44,100.36,219035,7.77,0.47,100.08,715,235390,8.55,0.44,100.47,1335,270071,9.21,0.29,102.04,196,227222,8.21,0.46,100.2,1854,2015-04-01
Kent,http://landregistry.data.gov.uk/id/region/kent,E10000016,2015-05,2200,monthly,232790,8.32,1.39,101.73,2200,389701,9.02,1.28,101.77,245526,8.5,1.53,101.77,196579,7.74,1.43,101.59,149338,8.18,1.27,101.89,191070,8.2,1.41,101.71,266572,8.39,1.38,101.74,222189,7.94,1.44,101.53,744,238602,8.52,1.36,101.84,1456,271979,8.17,0.71,102.76,209,230482,8.32,1.43,101.64,1991,2015-05-01
Kent,http://landregistry.data.gov.uk/id/region/kent,E10000016,2015-06,2434,monthly,235720,8.12,1.26,103.01,2434,393839,8.65,1.06,102.85,248813,8.4,1.34,103.13,199644,7.83,1.56,103.17,150643,7.58,0.87,102.78,193540,7.99,1.29,103.02,269865,8.2,1.24,103.0,224831,7.72,1.19,102.73,862,241694,8.34,1.3,103.16,1570,272332,6.81,0.13,102.89,346,233551,8.2,1.33,102.99,2088,2015-06-01
Kent,http://landregistry.data.gov.uk/id/region/kent,E10000016,2015-07,2925,monthly,239439,8.33,1.58,104.64,2925,399973,8.66,1.56,104.45,252957,8.67,1.67,104.85,202808,8.01,1.58,104.81,152855,7.99,1.47,104.29,196455,8.18,1.51,104.58,274256,8.42,1.63,104.68,228091,7.91,1.45,104.22,979,245671,8.55,1.65,104.86,1944,275591,7.15,1.2,104.13,219,237293,8.39,1.6,104.64,2706,2015-07-01
Kent,http://landregistry.data.gov.uk/id/region/kent,E10000016,2015-08,2738,monthly,242055,8.38,1.09,105.78,2738,404447,8.52,1.12,105.62,255758,8.68,1.11,106.01,205314,8.28,1.24,106.1,154051,7.96,0.78,105.11,198594,8.29,1.09,105.71,277258,8.44,1.09,105.82,230403,7.97,1.01,105.28,896,248456,8.6,1.13,106.05,1841,277278,7.93,0.61,104.76,206,239958,8.37,1.12,105.82,2532,2015-08-01
Kent,http://landregistry.data.gov.uk/id/region/kent,E10000016,2015-09,2572,monthly,245180,8.64,1.29,107.15,2572,410659,8.97,1.54,107.24,258656,8.86,1.13,107.21,207662,8.35,1.14,107.31,156299,8.43,1.46,106.64,201093,8.54,1.26,107.04,280901,8.71,1.31,107.21,233634,8.32,1.4,106.75,860,251519,8.81,1.23,107.36,1710,280581,8.77,1.19,106.01,243,243072,8.58,1.3,107.19,2329,2015-09-01
Kent,http://landregistry.data.gov.uk/id/region/kent,E10000016,2015-10,2841,monthly,246302,8.22,0.46,107.64,2841,412640,8.55,0.48,107.76,259927,8.47,0.49,107.74,208807,8.15,0.55,107.91,156633,7.58,0.21,106.87,202107,8.16,0.5,107.58,282097,8.26,0.43,107.67,234719,7.84,0.46,107.25,908,252661,8.43,0.45,107.84,1927,282173,8.47,0.57,106.61,281,244167,8.15,0.45,107.67,2560,2015-10-01
Kent,http://landregistry.data.gov.uk/id/region/kent,E10000016,2015-11,2555,monthly,247056,7.98,0.31,107.97,2555,414214,8.38,0.38,108.17,260905,8.31,0.38,108.14,209375,8.03,0.27,108.2,156899,6.94,0.17,107.05,202647,7.85,0.27,107.87,283035,8.07,0.33,108.03,235412,7.51,0.3,107.57,863,253449,8.24,0.31,108.18,1692,283376,8.4,0.43,107.07,222,244896,7.9,0.3,107.99,2333,2015-11-01
Kent,http://landregistry.data.gov.uk/id/region/kent,E10000016,2015-12,2672,monthly,249741,9.13,1.09,109.14,2672,418589,9.3,1.06,109.31,264112,9.56,1.23,109.47,211548,9.25,1.04,109.32,158485,8.11,1.01,108.13,204848,9.05,1.09,109.04,286113,9.19,1.09,109.2,237800,8.53,1.01,108.66,866,256300,9.45,1.12,109.4,1799,289530,10.18,2.17,109.39,287,247389,9.02,1.02,109.09,2385,2015-12-01
Kent,http://landregistry.data.gov.uk/id/region/kent,E10000016,2016-01,1912,monthly,252263,10.24,1.01,110.24,1912,422347,10.29,0.9,110.29,267186,10.75,1.16,110.75,213343,10.25,0.85,110.25,160422,9.45,1.22,109.45,206757,10.06,0.93,110.06,289155,10.36,1.06,110.36,239930,9.63,0.9,109.63,609,259043,10.57,1.07,110.57,1302,292542,10.53,1.04,110.53,157,249882,10.19,1.01,110.19,1755,2016-01-01
Kent,http://landregistry.data.gov.uk/id/region/kent,E10000016,2016-02,2189,monthly,255080,11.7,1.12,111.47,2189,427316,11.77,1.18,111.59,270274,12.35,1.16,112.03,215575,11.72,1.05,111.4,162198,10.65,1.11,110.66,209134,11.58,1.15,111.33,292317,11.77,1.09,111.57,242541,11.15,1.09,110.82,731,261974,11.99,1.13,111.82,1454,295225,10.38,0.92,111.54,196,252704,11.77,1.13,111.44,1993,2016-02-01
Kent,http://landregistry.data.gov.uk/id/region/kent,E10000016,2016-03,3617,monthly,258044,12.9,1.16,112.77,3617,432592,12.98,1.23,112.97,273159,13.41,1.07,113.22,218050,13.07,1.15,112.68,164189,11.8,1.23,112.02,211611,12.85,1.18,112.64,295670,12.94,1.15,112.85,245372,12.55,1.17,112.12,1377,265011,13.08,1.16,113.11,2231,294159,9.23,-0.36,111.14,220,255889,13.14,1.26,112.84,3397,2016-03-01
Kent,http://landregistry.data.gov.uk/id/region/kent,E10000016,2016-04,1739,monthly,259224,12.9,0.46,113.28,1739,434277,12.86,0.39,113.41,274084,13.34,0.34,113.6,219430,13.22,0.63,113.4,164851,11.79,0.4,112.47,212905,13.0,0.61,113.33,296710,12.84,0.35,113.25,246861,12.7,0.61,112.8,473,266014,13.01,0.38,113.54,1266,297919,10.31,1.28,112.56,316,256928,13.07,0.41,113.3,1423,2016-04-01
Kent,http://landregistry.data.gov.uk/id/region/kent,E10000016,2016-05,1936,monthly,261958,12.53,1.05,114.48,1936,436406,11.99,0.49,113.96,276535,12.63,0.89,114.62,222229,13.05,1.28,114.84,167546,12.19,1.63,114.31,215542,12.81,1.24,114.74,299467,12.34,0.93,114.3,249691,12.38,1.15,114.09,546,268691,12.61,1.01,114.68,1390,307490,13.06,3.21,116.18,252,259292,12.5,0.92,114.34,1684,2016-05-01
Kent,http://landregistry.data.gov.uk/id/region/kent,E10000016,2016-06,2323,monthly,262269,11.26,0.12,114.61,2323,436031,10.71,-0.09,113.86,276762,11.23,0.08,114.71,222724,11.56,0.22,115.1,167962,11.5,0.25,114.6,215971,11.59,0.2,114.96,299656,11.04,0.06,114.37,250039,11.21,0.14,114.25,688,268980,11.29,0.11,114.81,1635,312078,14.6,1.49,117.91,338,259366,11.05,0.03,114.38,1985,2016-06-01
Kent,http://landregistry.data.gov.uk/id/region/kent,E10000016,2016-07,2512,monthly,266413,11.27,1.58,116.42,2512,442732,10.69,1.54,115.61,280932,11.06,1.51,116.44,226210,11.54,1.57,116.9,170926,11.82,1.76,116.62,219327,11.64,1.55,116.75,304444,11.01,1.6,116.2,253732,11.24,1.48,115.94,785,273377,11.28,1.63,116.68,1725,315469,14.47,1.09,119.19,265,263547,11.06,1.61,116.22,2247,2016-07-01
Kent,http://landregistry.data.gov.uk/id/region/kent,E10000016,2016-08,2631,monthly,269629,11.39,1.21,117.83,2631,449859,11.23,1.61,117.47,284389,11.19,1.23,117.88,228735,11.41,1.12,118.2,172314,11.86,0.81,117.57,221759,11.66,1.11,118.05,308325,11.21,1.27,117.68,256993,11.54,1.28,117.43,816,276565,11.31,1.17,118.05,1812,314799,13.53,-0.21,118.94,252,266967,11.26,1.3,117.73,2379,2016-08-01
Kent,http://landregistry.data.gov.uk/id/region/kent,E10000016,2016-09,2380,monthly,271414,10.7,0.66,118.61,2380,453168,10.35,0.74,118.34,286632,10.82,0.79,118.81,229805,10.66,0.47,118.76,173575,11.05,0.73,118.43,223029,10.91,0.57,118.72,310555,10.56,0.72,118.53,258686,10.72,0.66,118.2,723,278400,10.69,0.66,118.83,1656,316220,12.7,0.45,119.48,257,268770,10.57,0.68,118.52,2123,2016-09-01
Kent,http://landregistry.data.gov.uk/id/region/kent,E10000016,2016-10,2284,monthly,271970,10.42,0.2,118.85,2284,455335,10.35,0.48,118.91,287281,10.52,0.23,119.07,229384,9.85,-0.18,118.54,174457,11.38,0.51,119.03,223354,10.51,0.15,118.89,311317,10.36,0.25,118.82,259675,10.63,0.38,118.65,694,278709,10.31,0.11,118.96,1590,318261,12.79,0.65,120.25,277,269246,10.27,0.18,118.73,2007,2016-10-01
Kent,http://landregistry.data.gov.uk/id/region/kent,E10000016,2016-11,2411,monthly,271570,9.92,-0.15,118.68,2411,456492,10.21,0.25,119.21,287007,10.0,-0.1,118.96,228107,8.95,-0.56,117.88,174431,11.17,-0.01,119.01,222783,9.94,-0.26,118.59,311092,9.91,-0.07,118.74,259350,10.17,-0.13,118.5,811,278267,9.79,-0.16,118.77,1600,319931,12.9,0.52,120.88,249,268735,9.73,-0.19,118.51,2162,2016-11-01
Kent,http://landregistry.data.gov.uk/id/region/kent,E10000016,2016-12,2436,monthly,273126,9.36,0.57,119.36,2436,459327,9.73,0.62,119.95,288342,9.17,0.47,119.51,229329,8.4,0.54,118.51,175701,10.86,0.73,119.88,224163,9.43,0.62,119.33,312774,9.32,0.54,119.38,260900,9.71,0.6,119.21,691,279824,9.18,0.56,119.44,1743,323021,11.57,0.97,122.05,368,270206,9.22,0.55,119.16,2068,2016-12-01
Kent,http://landregistry.data.gov.uk/id/region/kent,E10000016,2017-01,1869,monthly,274975,9.0,0.68,120.17,1869,462148,9.42,0.61,120.68,290259,8.64,0.66,120.31,231297,8.42,0.86,119.53,176504,10.03,0.46,120.43,225809,9.21,0.73,120.2,314769,8.86,0.64,120.14,262654,9.47,0.67,120.01,611,281726,8.76,0.68,120.25,1258,327445,11.93,1.37,123.72,202,271917,8.82,0.63,119.91,1667,2017-01-01
Kent,http://landregistry.data.gov.uk/id/region/kent,E10000016,2017-02,2092,monthly,275486,8.0,0.19,120.39,2092,461051,7.89,-0.24,120.4,290071,7.32,-0.06,120.23,231853,7.55,0.24,119.81,178114,9.81,0.91,121.52,226573,8.34,0.34,120.61,314991,7.76,0.07,120.22,263082,8.47,0.16,120.21,651,282287,7.75,0.2,120.49,1441,328607,11.31,0.35,124.16,191,272388,7.79,0.17,120.12,1901,2017-02-01
Kent,http://landregistry.data.gov.uk/id/region/kent,E10000016,2017-03,2284,monthly,275579,6.8,0.03,120.43,2284,460912,6.55,-0.03,120.36,290214,6.24,0.05,120.29,231849,6.33,0.0,119.81,178336,8.62,0.12,121.68,226767,7.16,0.09,120.71,314969,6.53,-0.01,120.22,263230,7.28,0.06,120.28,723,282346,6.54,0.02,120.51,1561,330446,12.34,0.56,124.85,323,272385,6.45,0.0,120.12,1961,2017-03-01
Kent,http://landregistry.data.gov.uk/id/region/kent,E10000016,2017-04,2038,monthly,274997,6.61,-0.21,120.18,2038,460021,6.27,-0.19,120.13,289241,6.42,-0.34,119.89,231026,5.98,-0.36,119.39,178606,8.25,0.15,121.86,226287,6.69,-0.21,120.46,314304,6.53,-0.21,119.96,262689,6.75,-0.21,120.03,649,281742,6.53,-0.21,120.25,1388,327457,7.89,-0.9,123.72,297,271923,6.52,-0.17,119.91,1741,2017-04-01
Kent,http://landregistry.data.gov.uk/id/region/kent,E10000016,2017-05,2095,monthly,276467,5.77,0.53,120.82,2095,461862,5.99,0.4,120.61,291429,5.78,0.76,120.79,232077,4.75,0.46,119.93,179525,7.08,0.51,122.49,227554,5.74,0.56,121.13,315920,5.77,0.51,120.58,264297,6.0,0.61,120.77,781,283145,5.65,0.5,120.85,1313,328263,5.36,0.25,124.03,283,273424,5.79,0.55,120.57,1812,2017-05-01
Kent,http://landregistry.data.gov.uk/id/region/kent,E10000016,2017-06,2629,monthly,279142,6.43,0.97,121.99,2629,465302,6.71,0.74,121.51,294072,6.25,0.91,121.89,234454,5.27,1.02,121.16,181697,8.18,1.21,123.97,229767,6.39,0.97,122.31,318964,6.44,0.96,121.74,267107,6.83,1.06,122.05,876,285756,6.24,0.92,121.97,1752,328830,5.37,0.17,124.24,465,276200,6.49,1.02,121.8,2164,2017-06-01
Kent,http://landregistry.data.gov.uk/id/region/kent,E10000016,2017-07,2662,monthly,282490,6.03,1.2,123.45,2662,469497,6.05,0.9,122.6,297773,5.99,1.26,123.42,237373,4.93,1.24,122.67,184211,7.77,1.38,125.68,232678,6.09,1.27,123.86,322611,5.97,1.14,123.13,270344,6.55,1.21,123.53,773,289165,5.78,1.19,123.42,1887,332531,5.41,1.13,125.64,310,279524,6.06,1.2,123.26,2352,2017-07-01
Kent,http://landregistry.data.gov.uk/id/region/kent,E10000016,2017-08,2705,monthly,285110,5.74,0.93,124.59,2705,473942,5.35,0.95,123.76,300233,5.57,0.83,124.44,240328,5.07,1.24,124.19,185233,7.5,0.55,126.38,234651,5.81,0.85,124.91,325815,5.67,0.99,124.35,272794,6.15,0.91,124.65,804,291876,5.54,0.94,124.58,1897,334636,6.3,0.63,126.43,275,282166,5.69,0.95,124.43,2430,2017-08-01
Kent,http://landregistry.data.gov.uk/id/region/kent,E10000016,2017-09,2506,monthly,286172,5.44,0.37,125.06,2506,476483,5.14,0.54,124.43,301451,5.17,0.41,124.95,241293,5.0,0.4,124.69,185423,6.83,0.1,126.51,235445,5.57,0.34,125.33,327120,5.33,0.4,124.85,273806,5.84,0.37,125.11,748,292966,5.23,0.37,125.05,1758,336941,6.55,0.69,127.3,301,283164,5.36,0.35,124.87,2205,2017-09-01
Kent,http://landregistry.data.gov.uk/id/region/kent,E10000016,2017-10,2516,monthly,285732,5.06,-0.15,124.87,2516,476940,4.74,0.1,124.55,301481,4.94,0.01,124.96,241053,5.09,-0.1,124.57,184069,5.51,-0.73,125.59,234855,5.15,-0.25,125.02,326877,5.0,-0.07,124.76,273366,5.27,-0.16,124.91,801,292525,4.96,-0.15,124.86,1714,337227,5.96,0.08,127.41,312,282688,4.99,-0.17,124.66,2204,2017-10-01
Kent,http://landregistry.data.gov.uk/id/region/kent,E10000016,2017-11,2428,monthly,285607,5.17,-0.04,124.81,2428,477345,4.57,0.09,124.65,301954,5.21,0.16,125.16,240522,5.44,-0.22,124.29,183733,5.33,-0.18,125.36,234665,5.33,-0.08,124.92,326835,5.06,-0.01,124.74,273421,5.43,0.02,124.93,715,292309,5.05,-0.07,124.77,1713,336049,5.04,-0.35,126.97,265,282617,5.17,-0.03,124.63,2163,2017-11-01
Kent,http://landregistry.data.gov.uk/id/region/kent,E10000016,2017-12,2216,monthly,287548,5.28,0.68,125.66,2216,479811,4.46,0.52,125.3,304389,5.57,0.81,126.17,242279,5.65,0.73,125.2,184866,5.22,0.62,126.13,236328,5.43,0.71,125.8,328978,5.18,0.66,125.56,274978,5.4,0.57,125.65,654,294449,5.23,0.73,125.68,1561,338741,4.87,0.8,127.99,333,284518,5.3,0.67,125.47,1883,2017-12-01
Kent,http://landregistry.data.gov.uk/id/region/kent,E10000016,2018-01,1923,monthly,289238,5.19,0.59,126.4,1923,483016,4.52,0.67,126.13,306318,5.53,0.63,126.97,243372,5.22,0.45,125.77,186063,5.42,0.65,126.95,237647,5.24,0.56,126.5,330991,5.15,0.61,126.33,277023,5.47,0.74,126.58,587,295961,5.05,0.51,126.32,1335,342364,4.56,1.07,129.35,245,286109,5.22,0.56,126.17,1678,2018-01-01
Kent,http://landregistry.data.gov.uk/id/region/kent,E10000016,2018-02,1829,monthly,290716,5.53,0.51,127.04,1829,486823,5.59,0.79,127.13,307886,6.14,0.51,127.62,244537,5.47,0.48,126.37,186523,4.72,0.25,127.26,238802,5.4,0.49,127.12,332743,5.64,0.53,127.0,278160,5.73,0.41,127.1,540,297610,5.43,0.56,127.03,1289,352479,7.26,2.95,133.18,224,286907,5.33,0.28,126.52,1605,2018-02-01
Kent,http://landregistry.data.gov.uk/id/region/kent,E10000016,2018-03,2074,monthly,289553,5.07,-0.4,126.54,2074,486747,5.61,-0.02,127.11,307070,5.81,-0.27,127.28,243399,4.98,-0.47,125.78,184797,3.62,-0.93,126.08,237549,4.75,-0.52,126.45,331762,5.33,-0.29,126.62,277086,5.26,-0.39,126.61,595,296393,4.97,-0.41,126.51,1478,352778,6.76,0.08,133.29,304,285688,4.88,-0.42,125.98,1770,2018-03-01
Kent,http://landregistry.data.gov.uk/id/region/kent,E10000016,2018-04,1710,monthly,290478,5.63,0.32,126.94,1710,487995,6.08,0.26,127.43,308307,6.59,0.4,127.79,244712,5.92,0.54,126.46,184666,3.39,-0.07,125.99,238379,5.34,0.35,126.89,332729,5.86,0.29,126.99,277803,5.75,0.26,126.94,500,297423,5.57,0.35,126.95,1210,353826,8.05,0.3,133.68,234,286610,5.4,0.32,126.39,1476,2018-04-01
Kent,http://landregistry.data.gov.uk/id/region/kent,E10000016,2018-05,2067,monthly,289726,4.8,-0.26,126.61,2067,486866,5.41,-0.23,127.14,307896,5.65,-0.13,127.62,244389,5.3,-0.13,126.29,183422,2.17,-0.67,125.14,237589,4.41,-0.33,126.47,332093,5.12,-0.19,126.75,277346,4.94,-0.16,126.73,538,296522,4.72,-0.3,126.56,1528,346589,5.58,-2.05,130.95,298,286568,4.81,-0.01,126.37,1769,2018-05-01
Kent,http://landregistry.data.gov.uk/id/region/kent,E10000016,2018-06,2349,monthly,292213,4.68,0.86,127.7,2349,490242,5.36,0.69,128.02,310774,5.68,0.93,128.81,246398,5.09,0.82,127.33,185269,1.97,1.01,126.41,239681,4.32,0.88,127.59,334875,4.99,0.84,127.81,280311,4.94,1.07,128.08,661,298779,4.56,0.76,127.53,1688,347356,5.63,0.22,131.24,375,289278,4.74,0.95,127.57,1974,2018-06-01
Kent,http://landregistry.data.gov.uk/id/region/kent,E10000016,2018-07,2348,monthly,292643,3.59,0.15,127.89,2348,492243,4.84,0.41,128.54,311084,4.47,0.1,128.94,246541,3.86,0.06,127.41,185351,0.62,0.04,126.46,239729,3.03,0.02,127.61,335769,4.08,0.27,128.15,280581,3.79,0.1,128.21,698,299289,3.5,0.17,127.74,1646,346854,4.31,-0.14,131.05,232,289818,3.68,0.19,127.8,2116,2018-07-01
Kent,http://landregistry.data.gov.uk/id/region/kent,E10000016,2018-08,2566,monthly,294912,3.44,0.78,128.88,2566,495276,4.5,0.62,129.34,313441,4.4,0.76,129.92,248816,3.53,0.92,128.58,186755,0.82,0.76,127.42,241718,3.01,0.83,128.67,338202,3.8,0.72,129.08,282528,3.57,0.69,129.1,705,301723,3.37,0.81,128.78,1859,351168,4.94,1.24,132.68,210,291881,3.44,0.71,128.71,2356,2018-08-01
Kent,http://landregistry.data.gov.uk/id/region/kent,E10000016,2018-09,2120,monthly,296318,3.55,0.48,129.49,2120,498492,4.62,0.65,130.17,314972,4.49,0.49,130.55,250216,3.7,0.56,129.3,186975,0.84,0.12,127.57,242747,3.1,0.43,129.22,339976,3.93,0.52,129.76,283678,3.61,0.41,129.62,621,303259,3.51,0.51,129.44,1497,353825,5.01,0.76,133.68,275,293161,3.53,0.44,129.28,1845,2018-09-01
Kent,http://landregistry.data.gov.uk/id/region/kent,E10000016,2018-10,2392,monthly,297304,4.05,0.33,129.92,2392,500169,4.87,0.34,130.61,316242,4.9,0.4,131.08,250910,4.09,0.28,129.66,187566,1.9,0.32,127.97,243677,3.76,0.38,129.71,340946,4.3,0.29,130.13,285143,4.31,0.52,130.29,700,304011,3.93,0.25,129.76,1690,355897,5.54,0.59,134.47,292,294035,4.01,0.3,129.66,2100,2018-10-01
Kent,http://landregistry.data.gov.uk/id/region/kent,E10000016,2018-11,2494,monthly,296510,3.82,-0.27,129.58,2494,500103,4.77,-0.01,130.6,315540,4.5,-0.22,130.79,249996,3.94,-0.36,129.19,186663,1.59,-0.48,127.36,242883,3.5,-0.33,129.29,340222,4.1,-0.21,129.85,284695,4.12,-0.16,130.09,711,303043,3.67,-0.32,129.35,1778,352247,4.82,-1.03,133.09,284,293557,3.87,-0.16,129.45,2210,2018-11-01
Kent,http://landregistry.data.gov.uk/id/region/kent,E10000016,2018-12,1920,monthly,293669,2.13,-0.96,128.33,1920,495272,3.22,-0.97,129.33,312514,2.67,-0.96,129.53,247168,2.02,-1.13,127.73,185412,0.3,-0.67,126.5,240664,1.83,-0.91,128.11,336821,2.38,-1.0,128.56,282502,2.74,-0.77,129.08,498,299877,1.84,-1.04,128.0,1422,348109,2.77,-1.17,131.52,360,290832,2.22,-0.93,128.25,1560,2018-12-01
Kent,http://landregistry.data.gov.uk/id/region/kent,E10000016,2019-01,1601,monthly,292348,1.08,-0.45,127.76,1601,494070,2.29,-0.24,129.02,311222,1.6,-0.41,129.0,245839,1.01,-0.54,127.04,184284,-0.96,-0.61,125.73,239400,0.74,-0.53,127.44,335544,1.38,-0.38,128.07,281026,1.44,-0.52,128.41,525,298629,0.9,-0.42,127.46,1073,346189,1.12,-0.55,130.8,143,289563,1.21,-0.44,127.69,1458,2019-01-01
Kent,http://landregistry.data.gov.uk/id/region/kent,E10000016,2019-02,1715,monthly,291516,0.28,-0.28,127.39,1715,493409,1.35,-0.13,128.85,310487,0.84,-0.24,128.69,244663,0.05,-0.48,126.43,183875,-1.42,-0.22,125.45,238726,-0.03,-0.28,127.08,334580,0.55,-0.29,127.7,279817,0.6,-0.43,127.86,478,297962,0.12,-0.22,127.18,1234,351851,-0.18,1.64,132.94,163,288067,0.4,-0.52,127.03,1552,2019-02-01
Kent,http://landregistry.data.gov.uk/id/region/kent,E10000016,2019-03,1930,monthly,290914,0.47,-0.21,127.13,1930,493136,1.31,-0.06,128.78,310388,1.08,-0.03,128.65,244387,0.41,-0.11,126.29,182442,-1.27,-0.78,124.48,238133,0.25,-0.25,126.76,334022,0.68,-0.17,127.49,278427,0.48,-0.5,127.22,574,297727,0.45,-0.08,127.08,1350,353732,0.27,0.53,133.65,277,287196,0.53,-0.3,126.65,1653,2019-03-01
Kent,http://landregistry.data.gov.uk/id/region/kent,E10000016,2019-04,1715,monthly,288925,-0.53,-0.68,126.26,1715,488750,0.15,-0.89,127.63,308509,0.07,-0.61,127.87,243230,-0.61,-0.47,125.69,180851,-2.07,-0.87,123.39,236659,-0.72,-0.62,125.98,331535,-0.36,-0.74,126.54,276145,-0.6,-0.82,126.18,471,295860,-0.53,-0.63,126.28,1236,352716,-0.31,-0.29,133.27,216,285101,-0.53,-0.73,125.72,1499,2019-04-01
Kent,http://landregistry.data.gov.uk/id/region/kent,E10000016,2019-05,1978,monthly,290546,0.28,0.56,126.97,1978,489901,0.62,0.24,127.93,310389,0.81,0.61,128.65,245391,0.41,0.89,126.81,181545,-1.02,0.38,123.86,238067,0.2,0.59,126.73,333290,0.36,0.53,127.21,277992,0.23,0.67,127.02,547,297387,0.29,0.52,126.93,1421,351050,1.29,-0.47,132.64,235,287035,0.16,0.68,126.58,1743,2019-05-01
Kent,http://landregistry.data.gov.uk/id/region/kent,E10000016,2019-06,1862,monthly,291210,-0.34,0.23,127.26,1862,490468,0.05,0.12,128.08,310968,0.06,0.19,128.89,246052,-0.14,0.27,127.15,182216,-1.65,0.37,124.32,238565,-0.47,0.21,126.99,334111,-0.23,0.25,127.52,278649,-0.59,0.24,127.32,520,298057,-0.24,0.23,127.22,1322,350006,0.76,-0.3,132.24,299,287865,-0.49,0.29,126.94,1563,2019-06-01
Kent,http://landregistry.data.gov.uk/id/region/kent,E10000016,2019-07,2283,monthly,293303,0.23,0.72,128.17,2283,493060,0.17,0.53,128.76,312980,0.61,0.65,129.73,247988,0.59,0.79,128.15,183962,-0.75,0.96,125.51,240433,0.29,0.78,127.99,336310,0.16,0.66,128.36,280825,0.09,0.78,128.32,681,300121,0.28,0.69,128.1,1574,353850,2.02,1.1,133.69,196,289811,0.0,0.68,127.8,2087,2019-07-01
Kent,http://landregistry.data.gov.uk/id/region/kent,E10000016,2019-08,2263,monthly,293823,-0.37,0.18,128.4,2263,495327,0.01,0.46,129.35,313516,0.02,0.17,129.95,248294,-0.21,0.12,128.31,183805,-1.58,-0.09,125.41,240505,-0.5,0.03,128.02,337373,-0.24,0.32,128.77,281319,-0.43,0.18,128.54,585,300655,-0.35,0.18,128.33,1660,352835,0.47,-0.29,133.31,238,290479,-0.48,0.23,128.1,2025,2019-08-01
Kent,http://landregistry.data.gov.uk/id/region/kent,E10000016,2019-09,1888,monthly,296018,-0.1,0.75,129.36,1888,499005,0.1,0.74,130.31,315274,0.1,0.56,130.68,250603,0.15,0.93,129.5,185157,-0.97,0.74,126.33,242397,-0.14,0.79,129.03,339770,-0.06,0.71,129.68,283756,0.03,0.87,129.66,485,302752,-0.17,0.7,129.22,1371,358209,1.24,1.52,135.34,242,292395,-0.26,0.66,128.94,1646,2019-09-01
Kent,http://landregistry.data.gov.uk/id/region/kent,E10000016,2019-10,2147,monthly,296710,-0.2,0.23,129.66,2147,501012,0.17,0.4,130.83,316808,0.18,0.49,131.31,251010,0.04,0.16,129.71,184716,-1.52,-0.24,126.03,242680,-0.41,0.12,129.18,340936,0.0,0.34,130.13,284214,-0.33,0.16,129.87,648,303551,-0.15,0.26,129.56,1469,357797,0.53,-0.11,135.19,222,293192,-0.29,0.27,129.29,1925,2019-10-01
Kent,http://landregistry.data.gov.uk/id/region/kent,E10000016,2019-11,2118,monthly,296123,-0.13,-0.2,129.41,2118,499676,-0.09,-0.27,130.48,316797,0.4,0.0,131.31,250297,0.12,-0.28,129.35,184240,-1.3,-0.26,125.7,242265,-0.25,-0.17,128.96,340174,-0.01,-0.22,129.84,283717,-0.34,-0.18,129.64,613,302921,-0.04,-0.21,129.29,1471,354545,0.65,-0.91,133.96,194,292856,-0.24,-0.11,129.14,1924,2019-11-01
Kent,http://landregistry.data.gov.uk/id/region/kent,E10000016,2019-12,1845,monthly,294928,0.43,-0.4,128.89,1845,497763,0.5,-0.38,129.98,316102,1.15,-0.22,131.02,249060,0.77,-0.49,128.71,183211,-1.19,-0.56,125.0,241208,0.23,-0.44,128.4,338905,0.62,-0.37,129.35,282717,0.08,-0.35,129.18,505,301634,0.59,-0.42,128.75,1257,348804,0.2,-1.62,131.79,299,292079,0.43,-0.27,128.8,1546,2019-12-01
Kent,http://landregistry.data.gov.uk/id/region/kent,E10000016,2020-01,1534,monthly,295402,1.04,0.16,129.09,1534,498938,0.99,0.24,130.29,316523,1.7,0.13,131.2,249437,1.46,0.15,128.9,183432,-0.46,0.12,125.15,241626,0.93,0.17,128.62,339411,1.15,0.15,129.54,282860,0.65,0.05,129.25,374,302259,1.22,0.21,129.01,1027,354965,2.54,1.77,134.12,102,292045,0.86,-0.01,128.79,1432,2020-01-01
Kent,http://landregistry.data.gov.uk/id/region/kent,E10000016,2020-02,,monthly,294968,1.18,-0.15,128.9,,498294,0.99,-0.13,130.12,315889,1.74,-0.2,130.93,249120,1.82,-0.13,128.74,183211,-0.36,-0.12,125.0,241360,1.1,-0.11,128.48,338795,1.26,-0.18,129.31,281950,0.76,-0.32,128.83,,302040,1.37,-0.07,128.92,,,,,,,,,,,,2020-02-01
Kent,http://landregistry.data.gov.uk/id/region/kent,E10000016,2020-03,,monthly,296830,2.03,0.63,129.72,,503577,2.12,1.06,131.5,318472,2.6,0.82,132.0,249687,2.17,0.23,129.03,184033,0.87,0.45,125.56,242289,1.75,0.39,128.97,341755,2.32,0.87,130.44,283455,1.81,0.53,129.52,,304083,2.13,0.68,129.79,,,,,,,,,,,,2020-03-01
